sample_id,volume_mL,wetweight_g,dryweight_g,afdw_g,chl_wetweight_g,chl_dryweight_g,algae_id,species,full_species
AS01_IN,476,3.66,NA,NA,1.83,NA,AS01,as,acanthophora_spicifera
HD02_IN,473,8.85,NA,NA,1.35,NA,HD02,hd,halimeda_discoidea
BLANK1_RUN1_PI,481,0.00,NA,NA,0.00,NA,BLANK1_RUN1,blank,blank
GS01_IN,478,3.11,NA,NA,4.25,NA,GS01,gs,gracilaria_salicornia
SF02_IN,475,2.18,NA,NA,1.19,NA,SF02,sf,spyridia_filamentosa
AV02_IN,467,13.76,NA,NA,1.66,NA,AV02,av,avrainvillea_lacerata
DA02_IN,482,0.57,NA,NA,2.50,NA,DA02,da,dictyota_acutiloba
SF01_IN,480,0.46,NA,NA,2.54,NA,SF01,sf,spyridia_filamentosa
HD01_IN,477,6.49,NA,NA,0.46,NA,HD01,hd,halimeda_discoidea
DA01_IN,481,0.77,NA,NA,0.65,NA,DA01,da,dictyota_acutiloba
AS02_IN,479,0.41,NA,NA,1.71,NA,AS02,as,acanthophora_spicifera
BLANK2_RUN1_PI,479,0.00,NA,NA,0.00,NA,BLANK2_RUN1,blank,blank
CS02_IN,477,0.35,NA,NA,0.23,NA,CS02,cs,caulerpa_sertularioides
SF03_OFF,476,1.19,NA,NA,0.56,NA,SF03,sf,spyridia_filamentosa
AV01_OFF,473,11.26,NA,NA,2.09,NA,AV01,av,avrainvillea_lacerata
BLANK1_RUN2_PI,481,0.00,NA,NA,0.00,NA,BLANK1_RUN2,blank,blank
AS04_OFF,480,0.99,NA,NA,0.30,NA,AS04,as,acanthophora_spicifera
AV03_IN,476,5.04,NA,NA,1.90,NA,AV03,av,avrainvillea_lacerata
AS03_OFF,477,2.28,NA,NA,1.03,NA,AS03,as,acanthophora_spicifera
CS01_OFF,480,0.23,NA,NA,0.06,NA,CS01,cs,caulerpa_sertularioides
HD04_OFF,475,7.81,NA,NA,2.01,NA,HD04,hd,halimeda_discoidea
GS02_OFF,478,2.77,NA,NA,1.87,NA,GS02,gs,gracilaria_salicornia
BLANK2_RUN2_PI,483,0.00,NA,NA,0.00,NA,BLANK2_RUN2,blank,blank
SF04_OFF,477,1.61,NA,NA,0.82,NA,SF04,sf,spyridia_filamentosa
GS04_IN,476,2.81,NA,NA,7.81,NA,GS04,gs,gracilaria_salicornia
DA03_OFF,479,0.47,NA,NA,0.28,NA,DA03,da,dictyota_acutiloba
HD03_OFF,470,9.46,NA,NA,1.78,NA,HD03,hd,halimeda_discoidea
BLANK1_RUN3_PI,480,0.00,NA,NA,0.00,NA,BLANK1_RUN3,blank,blank
GS03_OFF,478,2.48,NA,NA,4.02,NA,GS03,gs,gracilaria_salicornia
SF05_IN,470,2.55,NA,NA,7.74,NA,SF05,sf,spyridia_filamentosa
AV05_IN,471,6.70,NA,NA,5.38,NA,AV05,av,avrainvillea_lacerata
BLANK2_RUN3_PI,481,0.00,NA,NA,0.00,NA,BLANK2_RUN3,blank,blank
DA05_IN,475,1.62,NA,NA,2.01,NA,DA05,da,dictyota_acutiloba
DA04_IN,474,1.36,NA,NA,0.21,NA,DA04,da,dictyota_acutiloba
AV04_OFF,470,8.17,NA,NA,2.91,NA,AV04,av,avrainvillea_lacerata
HD05_IN,470,8.35,NA,NA,1.12,NA,HD05,hd,halimeda_discoidea
GS06_OFF,473,3.59,NA,NA,8.95,NA,GS06,gs,gracilaria_salicornia
AV07_OFF,474,4.64,NA,NA,3.10,NA,AV07,av,avrainvillea_lacerata
DS01_OFF,480,0.30,NA,NA,0.46,NA,DS01,ds,dicyota_sandvicensis
AV06_OFF,477,4.63,NA,NA,5.41,NA,AV06,av,avrainvillea_lacerata
BLANK1_RUN4_PI,481,0.00,NA,NA,0.00,NA,BLANK1_RUN4,blank,blank
GS05_OFF,480,1.97,NA,NA,4.33,NA,GS05,gs,gracilaria_salicornia
DS03_OFF,478,1.33,NA,NA,1.21,NA,DS03,ds,dicyota_sandvicensis
AS06_OFF,479,1.60,NA,NA,2.18,NA,AS06,as,acanthophora_spicifera
HD06_OFF,474,7.10,NA,NA,2.53,NA,HD06,hd,halimeda_discoidea
AS05_OFF,480,1.11,NA,NA,1.13,NA,AS05,as,acanthophora_spicifera
BLANK2_RUN4_PI,481,0.00,NA,NA,0.00,NA,BLANK2_RUN4,blank,blank
DS02_OFF,480,0.43,NA,NA,1.31,NA,DS02,ds,dicyota_sandvicensis
AS07_OFF,475,1.67,NA,NA,2.44,NA,AS07,as,acanthophora_spicifera
BLANK1_RUN5_PI,481,0.00,NA,NA,0.00,NA,BLANK1_RUN5,blank,blank
DS06_OFF,479,0.83,NA,NA,0.94,NA,DS06,ds,dicyota_sandvicensis
SF06_IN,476,1.40,NA,NA,5.71,NA,SF06,sf,spyridia_filamentosa
AV08_OFF,475,4.28,NA,NA,5.29,NA,AV08,av,avrainvillea_lacerata
GS07_OFF,478,2.16,NA,NA,3.70,NA,GS07,gs,gracilaria_salicornia
BLANK2_RUN5_PI,479,0.00,NA,NA,0.00,NA,BLANK2_RUN5,blank,blank
DS04_IN,481,0.21,NA,NA,0.13,NA,DS04,ds,dicyota_sandvicensis
SF08_OFF,480,0.48,NA,NA,0.11,NA,SF08,sf,spyridia_filamentosa
DS05_OFF,480,0.19,NA,NA,1.59,NA,DS05,ds,dicyota_sandvicensis
HD07_IN,471,7.92,NA,NA,5.06,NA,HD07,hd,halimeda_discoidea
SF07_OFF,479,0.21,NA,NA,0.24,NA,SF07,sf,spyridia_filamentosa
AS08_OFF,479,0.42,NA,NA,2.33,NA,AS08,as,acanthophora_spicifera
HD09_OFF,476,5.58,NA,NA,9.44,NA,HD09,hd,halimeda_discoidea
DC01_OFF,480,2.74,NA,NA,4.71,NA,DC01,dc,dictyosphaeria_cavernosa
HD08_OFF,477,4.43,NA,NA,11.01,NA,HD08,hd,halimeda_discoidea
DA06_IN,483,0.68,NA,NA,2.91,NA,DA06,da,dictyota_acutiloba
BLANK1_RUN6_PI,482,0.00,NA,NA,0.00,NA,BLANK1_RUN6,blank,blank
DS07_OFF,479,1.79,NA,NA,1.72,NA,DS07,ds,dicyota_sandvicensis
BLANK2_RUN6_PI,484,0.00,NA,NA,0.00,NA,BLANK2_RUN6,blank,blank
AV09_IN,471,11.76,NA,NA,4.95,NA,AV09,av,avrainvillea_lacerata
SF09_IN,480,0.83,NA,NA,3.59,NA,SF09,sf,spyridia_filamentosa
GS08_IN,483,1.62,NA,NA,5.04,NA,GS08,gs,gracilaria_salicornia
GS09_OFF,481,1.37,NA,NA,4.21,NA,GS09,gs,gracilaria_salicornia
HD11_OFF,459,13.12,NA,NA,4.34,NA,HD11,hd,halimeda_discoidea
DC03_OFF,478,3.23,NA,NA,4.42,NA,DC03,dc,dictyosphaeria_cavernosa
BLANK1_RUN7_PI,483,0.00,NA,NA,0.00,NA,BLANK1_RUN7,blank,blank
DA07_IN,477,1.98,NA,NA,1.64,NA,DA07,da,dictyota_acutiloba
AV11_OFF,465,14.99,NA,NA,6.68,NA,AV11,av,avrainvillea_lacerata
AS10_OFF,480,1.59,NA,NA,3.24,NA,AS10,as,acanthophora_spicifera
DC02_OFF,460,17.64,NA,NA,5.76,NA,DC02,dc,dictyosphaeria_cavernosa
AS09_IN,478,2.09,NA,NA,2.89,NA,AS09,as,acanthophora_spicifera
AV10_IN,472,5.63,NA,NA,1.58,NA,AV10,av,avrainvillea_lacerata
BLANK2_RUN7_PI,482,0.00,NA,NA,0.00,NA,BLANK2_RUN7,blank,blank
SF10_IN,476,1.46,NA,NA,5.90,NA,SF10,sf,spyridia_filamentosa
HD10_IN,474,7.49,NA,NA,2.41,NA,HD10,hd,halimeda_discoidea
GS10_OFF,477,2.48,NA,NA,1.51,NA,GS10,gs,gracilaria_salicornia
DA08_IN,477,1.19,NA,NA,3.89,NA,DA08,da,dictyota_acutiloba
AS11_IN,476,2.79,NA,NA,1.56,NA,AS11,as,acanthophora_spicifera
GS11_OFF,480,1.08,NA,NA,6.79,NA,GS11,gs,gracilaria_salicornia
SF11_IN,479,0.86,NA,NA,1.16,NA,SF11,sf,spyridia_filamentosa
BLANK1_RUN8_PI,481,0.00,NA,NA,0.00,NA,BLANK1_RUN8,blank,blank
DC05_OFF,476,6.00,NA,NA,12.24,NA,DC05,dc,dictyosphaeria_cavernosa
DS08_OFF,476,1.94,NA,NA,3.89,NA,DS08,ds,dicyota_sandvicensis
DC04_OFF,474,4.87,NA,NA,8.33,NA,DC04,dc,dictyosphaeria_cavernosa
HD12_IN,474,7.00,NA,NA,2.79,NA,HD12,hd,halimeda_discoidea
AV12_OFF,466,13.85,NA,NA,6.59,NA,AV12,av,avrainvillea_lacerata
BLANK2_RUN8_PI,480,0.00,NA,NA,0.00,NA,BLANK2_RUN8,blank,blank
HD14_IN,464,14.00,NA,NA,4.90,NA,HD14,hd,halimeda_discoidea
HD13_OFF,471,8.38,NA,NA,8.42,NA,HD13,hd,halimeda_discoidea
BLANK1_RUN9_PI,480,0.00,NA,NA,0.00,NA,BLANK1_RUN9,blank,blank
DC06_OFF,477,3.53,NA,NA,11.18,NA,DC06,dc,dictyosphaeria_cavernosa
GS14_IN,481,2.12,NA,NA,11.75,NA,GS14,gs,gracilaria_salicornia
AV13_IN,475,6.36,NA,NA,8.55,NA,AV13,av,avrainvillea_lacerata
GS13_IN,479,1.84,NA,NA,18.21,NA,GS13,gs,gracilaria_salicornia
SF12_IN,473,3.10,NA,NA,10.71,NA,SF12,sf,spyridia_filamentosa
BLANK2_RUN9_PI,479,0.00,NA,NA,0.00,NA,BLANK2_RUN9,blank,blank
DA09_IN,475,1.80,NA,NA,1.50,NA,DA09,da,dictyota_acutiloba
GS12_OFF,476,3.91,NA,NA,8.09,NA,GS12,gs,gracilaria_salicornia
AS12_OFF,480,0.87,NA,NA,4.39,NA,AS12,as,acanthophora_spicifera
AS13_IN,479,2.38,NA,NA,6.39,NA,AS13,as,acanthophora_spicifera
GS15_IN,477,3.77,NA,NA,19.84,NA,GS15,gs,gracilaria_salicornia
HD15_OFF,469,9.07,NA,NA,2.92,NA,HD15,hd,halimeda_discoidea
DA10_IN,472,2.59,NA,NA,1.35,NA,DA10,da,dictyota_acutiloba
BLANK1_RUN10_PI,479,0.00,NA,NA,0.00,NA,BLANK1_RUN10,blank,blank
DS09_OFF,480,1.39,NA,NA,3.05,NA,DS09,ds,dicyota_sandvicensis
AV15_IN,478,5.50,NA,NA,5.06,NA,AV15,av,avrainvillea_lacerata
DC08_OFF,470,8.73,NA,NA,5.10,NA,DC08,dc,dictyosphaeria_cavernosa
DS10_OFF,478,1.20,NA,NA,1.39,NA,DS10,ds,dicyota_sandvicensis
DC07_OFF,475,5.34,NA,NA,18.53,NA,DC07,dc,dictyosphaeria_cavernosa
AV14_OFF,460,21.69,NA,NA,6.03,NA,AV14,av,avrainvillea_lacerata
BLANK2_RUN10_PI,481,0.00,NA,NA,0.00,NA,BLANK2_RUN10,blank,blank
DA11_IN,470,2.72,NA,NA,4.87,NA,DA11,da,dictyota_acutiloba
BLANK1_RUN11_PI,479,0.00,NA,NA,0.00,NA,BLANK1_RUN11,blank,blank
AS15_IN,479,1.84,NA,NA,5.66,NA,AS15,as,acanthophora_spicifera
AV17_IN,477,4.47,NA,NA,9.92,NA,AV17,av,avrainvillea_lacerata
HD16_OFF,464,17.15,NA,NA,9.57,NA,HD16,hd,halimeda_discoidea
GS16_IN,477,2.19,NA,NA,16.13,NA,GS16,gs,gracilaria_salicornia
DS11_OFF,475,1.58,NA,NA,4.00,NA,DS11,ds,dicyota_sandvicensis
AS14_OFF,479,1.21,NA,NA,5.11,NA,AS14,as,acanthophora_spicifera
SF13_IN,473,2.91,NA,NA,12.32,NA,SF13,sf,spyridia_filamentosa
DC09_OFF,476,4.13,NA,NA,8.95,NA,DC09,dc,dictyosphaeria_cavernosa
BLANK2_RUN11_PI,480,0.00,NA,NA,0.00,NA,BLANK2_RUN11,blank,blank
AV16_OFF,464,15.93,NA,NA,9.61,NA,AV16,av,avrainvillea_lacerata
BLANK1_RUN12_PI,479,0.00,NA,NA,0.00,NA,BLANK1_RUN12,blank,blank
AV18_OFF,471,9.90,NA,NA,4.76,NA,AV18,av,avrainvillea_lacerata
AS17_IN,475,5.22,NA,NA,10.67,NA,AS17,as,acanthophora_spicifera
SF14_IN,475,1.74,NA,NA,9.44,NA,SF14,sf,spyridia_filamentosa
HD17_OFF,476,5.67,NA,NA,10.34,NA,HD17,hd,halimeda_discoidea
AV20_IN,476,6.15,NA,NA,11.83,NA,AV20,av,avrainvillea_lacerata
HD18_IN,467,12.35,NA,NA,9.25,NA,HD18,hd,halimeda_discoidea
AV19_IN,468,14.20,NA,NA,12.14,NA,AV19,av,avrainvillea_lacerata
BLANK2_RUN12_PI,481,0.00,NA,NA,0.00,NA,BLANK2_RUN12,blank,blank
GS17_OFF,478,4.04,NA,NA,18.82,NA,GS17,gs,gracilaria_salicornia
DC10_OFF,479,2.62,NA,NA,9.16,NA,DC10,dc,dictyosphaeria_cavernosa
AS16_OFF,479,1.41,NA,NA,11.35,NA,AS16,as,acanthophora_spicifera
AS20_IN,477,2.18,NA,NA,14.80,NA,AS20,as,acanthophora_spicifera
HD19_IN,471,10.55,NA,NA,8.44,NA,HD19,hd,halimeda_discoidea
AS18_IN,477,1.90,NA,NA,8.99,NA,AS18,as,acanthophora_spicifera
BLANK1_RUN13_PI,481,0.00,NA,NA,0.00,NA,BLANK1_RUN13,blank,blank
GS18_IN,479,2.57,NA,NA,21.54,NA,GS18,gs,gracilaria_salicornia
GS20_IN,475,5.10,NA,NA,24.32,NA,GS20,gs,gracilaria_salicornia
AS19_IN,479,2.22,NA,NA,14.34,NA,AS19,as,acanthophora_spicifera
BLANK2_RUN13_PI,482,0.00,NA,NA,0.00,NA,BLANK2_RUN13,blank,blank
AV21_IN,477,5.53,NA,NA,21.34,NA,AV21,av,avrainvillea_lacerata
HD20_IN,474,6.97,NA,NA,14.70,NA,HD20,hd,halimeda_discoidea
DA12_IN,470,4.12,NA,NA,4.62,NA,DA12,da,dictyota_acutiloba
GS19_IN,470,5.33,NA,NA,17.23,NA,GS19,gs,gracilaria_salicornia
BLANK1_RUN14_PI,480,0.00,NA,NA,0.00,NA,BLANK1_RUN14,blank,blank
DS14_OFF,476,2.00,NA,NA,11.28,NA,DS14,ds,dicyota_sandvicensis
SF16_IN,468,4.26,NA,NA,15.52,NA,SF16,sf,spyridia_filamentosa
DA13_IN,466,4.40,NA,NA,7.53,NA,DA13,da,dictyota_acutiloba
AS22_OFF,477,2.21,NA,NA,21.70,NA,AS22,as,acanthophora_spicifera
DA14_IN,463,6.55,NA,NA,8.35,NA,DA14,da,dictyota_acutiloba
AS21_IN,478,1.87,NA,NA,26.04,NA,AS21,as,acanthophora_spicifera
DS13_OFF,472,3.11,NA,NA,5.93,NA,DS13,ds,dicyota_sandvicensis
DS12_OFF,474,3.17,NA,NA,6.59,NA,DS12,ds,dicyota_sandvicensis
BLANK2_RUN14_PI,480,0.00,NA,NA,0.00,NA,BLANK2_RUN14,blank,blank
SF15_IN,464,5.86,NA,NA,10.02,NA,SF15,sf,spyridia_filamentosa
HD21_IN,474,5.41,NA,NA,30.56,NA,HD21,hd,halimeda_discoidea
,,,,,,,,,
,,,,,,,,,
,,,,,,,,,
,,,,,,,,,
,,,,,,,,,
,,,,,,,,,
,,,,,,,,,
,,,,,,,,,
,,,,,,,,,
,,,,,,,,,
,,,,,,,,,
,,,,,,,,,
,,,,,,,,,
,,,,,,,,,
,,,,,,,,,
,,,,,,,,,
,,,,,,,,,
,,,,,,,,,
,,,,,,,,,
,,,,,,,,,
,,,,,,,,,
,,,,,,,,,
,,,,,,,,,
,,,,,,,,,
,,,,,,,,,
,,,,,,,,,
,,,,,,,,,
,,,,,,,,,
,,,,,,,,,
,,,,,,,,,
,,,,,,,,,
,,,,,,,,,
,,,,,,,,,
,,,,,,,,,
,,,,,,,,,
,,,,,,,,,
,,,,,,,,,
,,,,,,,,,
,,,,,,,,,
,,,,,,,,,
,,,,,,,,,
,,,,,,,,,
,,,,,,,,,
,,,,,,,,,
,,,,,,,,,
,,,,,,,,,
,,,,,,,,,
,,,,,,,,,
,,,,,,,,,
,,,,,,,,,
,,,,,,,,,
,,,,,,,,,
,,,,,,,,,
,,,,,,,,,
,,,,,,,,,
,,,,,,,,,
,,,,,,,,,
,,,,,,,,,
,,,,,,,,,
,,,,,,,,,
,,,,,,,,,
,,,,,,,,,
,,,,,,,,,
,,,,,,,,,
,,,,,,,,,
,,,,,,,,,
,,,,,,,,,
,,,,,,,,,
,,,,,,,,,
,,,,,,,,,
,,,,,,,,,
,,,,,,,,,
,,,,,,,,,
,,,,,,,,,
,,,,,,,,,
,,,,,,,,,
,,,,,,,,,
,,,,,,,,,
,,,,,,,,,
,,,,,,,,,
,,,,,,,,,
,,,,,,,,,
,,,,,,,,,
,,,,,,,,,
,,,,,,,,,
,,,,,,,,,
,,,,,,,,,
,,,,,,,,,
,,,,,,,,,
,,,,,,,,,
,,,,,,,,,
,,,,,,,,,
,,,,,,,,,
,,,,,,,,,
,,,,,,,,,
,,,,,,,,,
,,,,,,,,,
,,,,,,,,,
,,,,,,,,,
,,,,,,,,,
,,,,,,,,,
,,,,,,,,,
,,,,,,,,,
,,,,,,,,,
,,,,,,,,,
,,,,,,,,,
,,,,,,,,,
,,,,,,,,,
,,,,,,,,,
,,,,,,,,,
,,,,,,,,,
,,,,,,,,,
,,,,,,,,,
,,,,,,,,,
,,,,,,,,,
,,,,,,,,,
,,,,,,,,,
,,,,,,,,,
,,,,,,,,,
,,,,,,,,,
,,,,,,,,,
,,,,,,,,,
,,,,,,,,,
,,,,,,,,,
,,,,,,,,,
,,,,,,,,,
,,,,,,,,,
,,,,,,,,,
,,,,,,,,,
,,,,,,,,,
,,,,,,,,,
,,,,,,,,,
,,,,,,,,,
,,,,,,,,,
,,,,,,,,,
,,,,,,,,,
,,,,,,,,,
,,,,,,,,,
,,,,,,,,,
,,,,,,,,,
,,,,,,,,,
,,,,,,,,,
,,,,,,,,,
,,,,,,,,,
,,,,,,,,,
,,,,,,,,,
,,,,,,,,,
,,,,,,,,,
,,,,,,,,,
,,,,,,,,,
,,,,,,,,,
,,,,,,,,,
,,,,,,,,,
,,,,,,,,,
,,,,,,,,,
,,,,,,,,,
,,,,,,,,,
,,,,,,,,,
,,,,,,,,,
,,,,,,,,,
,,,,,,,,,
,,,,,,,,,
,,,,,,,,,
,,,,,,,,,
,,,,,,,,,
,,,,,,,,,
,,,,,,,,,
,,,,,,,,,
,,,,,,,,,
,,,,,,,,,
,,,,,,,,,
,,,,,,,,,
,,,,,,,,,
,,,,,,,,,
,,,,,,,,,
,,,,,,,,,
,,,,,,,,,
,,,,,,,,,
,,,,,,,,,
,,,,,,,,,
,,,,,,,,,
,,,,,,,,,
,,,,,,,,,
,,,,,,,,,
,,,,,,,,,
,,,,,,,,,
,,,,,,,,,
,,,,,,,,,
,,,,,,,,,
,,,,,,,,,
,,,,,,,,,
,,,,,,,,,
,,,,,,,,,
,,,,,,,,,
,,,,,,,,,
,,,,,,,,,
,,,,,,,,,
,,,,,,,,,
,,,,,,,,,
,,,,,,,,,
,,,,,,,,,
,,,,,,,,,
,,,,,,,,,
,,,,,,,,,
,,,,,,,,,
,,,,,,,,,
,,,,,,,,,
,,,,,,,,,
,,,,,,,,,
,,,,,,,,,
,,,,,,,,,
,,,,,,,,,
,,,,,,,,,
,,,,,,,,,
,,,,,,,,,
,,,,,,,,,
,,,,,,,,,
,,,,,,,,,
,,,,,,,,,
,,,,,,,,,
,,,,,,,,,
,,,,,,,,,
,,,,,,,,,
,,,,,,,,,
,,,,,,,,,
,,,,,,,,,
,,,,,,,,,
,,,,,,,,,
,,,,,,,,,
,,,,,,,,,
,,,,,,,,,
,,,,,,,,,
,,,,,,,,,
,,,,,,,,,
,,,,,,,,,
,,,,,,,,,
,,,,,,,,,
,,,,,,,,,
,,,,,,,,,
,,,,,,,,,
,,,,,,,,,
,,,,,,,,,
,,,,,,,,,
,,,,,,,,,
,,,,,,,,,
,,,,,,,,,
,,,,,,,,,
,,,,,,,,,
,,,,,,,,,
,,,,,,,,,
,,,,,,,,,
,,,,,,,,,
,,,,,,,,,
,,,,,,,,,
,,,,,,,,,
,,,,,,,,,
,,,,,,,,,
,,,,,,,,,
,,,,,,,,,
,,,,,,,,,
,,,,,,,,,
,,,,,,,,,
,,,,,,,,,
,,,,,,,,,
,,,,,,,,,
,,,,,,,,,
,,,,,,,,,
,,,,,,,,,
,,,,,,,,,
,,,,,,,,,
,,,,,,,,,
,,,,,,,,,
,,,,,,,,,
,,,,,,,,,
,,,,,,,,,
,,,,,,,,,
,,,,,,,,,
,,,,,,,,,
,,,,,,,,,
,,,,,,,,,
,,,,,,,,,
,,,,,,,,,
,,,,,,,,,
,,,,,,,,,
,,,,,,,,,
,,,,,,,,,
,,,,,,,,,
,,,,,,,,,
,,,,,,,,,
,,,,,,,,,
,,,,,,,,,
,,,,,,,,,
,,,,,,,,,
,,,,,,,,,
,,,,,,,,,
,,,,,,,,,
,,,,,,,,,
,,,,,,,,,
,,,,,,,,,
,,,,,,,,,
,,,,,,,,,
,,,,,,,,,
,,,,,,,,,
,,,,,,,,,
,,,,,,,,,
,,,,,,,,,
,,,,,,,,,
,,,,,,,,,
,,,,,,,,,
,,,,,,,,,
,,,,,,,,,
,,,,,,,,,
,,,,,,,,,
,,,,,,,,,
,,,,,,,,,
,,,,,,,,,
,,,,,,,,,
,,,,,,,,,
,,,,,,,,,
,,,,,,,,,
,,,,,,,,,
,,,,,,,,,
,,,,,,,,,
,,,,,,,,,
,,,,,,,,,
,,,,,,,,,
,,,,,,,,,
,,,,,,,,,
,,,,,,,,,
,,,,,,,,,
,,,,,,,,,
,,,,,,,,,
,,,,,,,,,
,,,,,,,,,
,,,,,,,,,
,,,,,,,,,
,,,,,,,,,
,,,,,,,,,
,,,,,,,,,
,,,,,,,,,
,,,,,,,,,
,,,,,,,,,
,,,,,,,,,
,,,,,,,,,
,,,,,,,,,
,,,,,,,,,
,,,,,,,,,
,,,,,,,,,
,,,,,,,,,
,,,,,,,,,
,,,,,,,,,
,,,,,,,,,
,,,,,,,,,
,,,,,,,,,
,,,,,,,,,
,,,,,,,,,
,,,,,,,,,
,,,,,,,,,
,,,,,,,,,
,,,,,,,,,
,,,,,,,,,
,,,,,,,,,
,,,,,,,,,
,,,,,,,,,
,,,,,,,,,
,,,,,,,,,
,,,,,,,,,
,,,,,,,,,
,,,,,,,,,
,,,,,,,,,
,,,,,,,,,
,,,,,,,,,
,,,,,,,,,
,,,,,,,,,
,,,,,,,,,
,,,,,,,,,
,,,,,,,,,
,,,,,,,,,
,,,,,,,,,
,,,,,,,,,
,,,,,,,,,
,,,,,,,,,
,,,,,,,,,
,,,,,,,,,
,,,,,,,,,
,,,,,,,,,
,,,,,,,,,
,,,,,,,,,
,,,,,,,,,
,,,,,,,,,
,,,,,,,,,
,,,,,,,,,
,,,,,,,,,
,,,,,,,,,
,,,,,,,,,
,,,,,,,,,
,,,,,,,,,
,,,,,,,,,
,,,,,,,,,
,,,,,,,,,
,,,,,,,,,
,,,,,,,,,
,,,,,,,,,
,,,,,,,,,
,,,,,,,,,
,,,,,,,,,
,,,,,,,,,
,,,,,,,,,
,,,,,,,,,
,,,,,,,,,
,,,,,,,,,
,,,,,,,,,
,,,,,,,,,
,,,,,,,,,
,,,,,,,,,
,,,,,,,,,
,,,,,,,,,
,,,,,,,,,
,,,,,,,,,
,,,,,,,,,
,,,,,,,,,
,,,,,,,,,
,,,,,,,,,
,,,,,,,,,
,,,,,,,,,
,,,,,,,,,
,,,,,,,,,
,,,,,,,,,
,,,,,,,,,
,,,,,,,,,
,,,,,,,,,
,,,,,,,,,
,,,,,,,,,
,,,,,,,,,
,,,,,,,,,
,,,,,,,,,
,,,,,,,,,
,,,,,,,,,
,,,,,,,,,
,,,,,,,,,
,,,,,,,,,
,,,,,,,,,
,,,,,,,,,
,,,,,,,,,
,,,,,,,,,
,,,,,,,,,
,,,,,,,,,
,,,,,,,,,
,,,,,,,,,
,,,,,,,,,
,,,,,,,,,
,,,,,,,,,
,,,,,,,,,
,,,,,,,,,
,,,,,,,,,
,,,,,,,,,
,,,,,,,,,
,,,,,,,,,
,,,,,,,,,
,,,,,,,,,
,,,,,,,,,
,,,,,,,,,
,,,,,,,,,
,,,,,,,,,
,,,,,,,,,
,,,,,,,,,
,,,,,,,,,
,,,,,,,,,
,,,,,,,,,
,,,,,,,,,
,,,,,,,,,
,,,,,,,,,
,,,,,,,,,
,,,,,,,,,
,,,,,,,,,
,,,,,,,,,
,,,,,,,,,
,,,,,,,,,
,,,,,,,,,
,,,,,,,,,
,,,,,,,,,
,,,,,,,,,
,,,,,,,,,
,,,,,,,,,
,,,,,,,,,
,,,,,,,,,
,,,,,,,,,
,,,,,,,,,
,,,,,,,,,
,,,,,,,,,
,,,,,,,,,
,,,,,,,,,
,,,,,,,,,
,,,,,,,,,
,,,,,,,,,
,,,,,,,,,
,,,,,,,,,
,,,,,,,,,
,,,,,,,,,
,,,,,,,,,
,,,,,,,,,
,,,,,,,,,
,,,,,,,,,
,,,,,,,,,
,,,,,,,,,
,,,,,,,,,
,,,,,,,,,
,,,,,,,,,
,,,,,,,,,
,,,,,,,,,
,,,,,,,,,
,,,,,,,,,
,,,,,,,,,
,,,,,,,,,
,,,,,,,,,
,,,,,,,,,
,,,,,,,,,
,,,,,,,,,
,,,,,,,,,
,,,,,,,,,
,,,,,,,,,
,,,,,,,,,
,,,,,,,,,
,,,,,,,,,
,,,,,,,,,
,,,,,,,,,
,,,,,,,,,
,,,,,,,,,
,,,,,,,,,
,,,,,,,,,
,,,,,,,,,
,,,,,,,,,
,,,,,,,,,
,,,,,,,,,
,,,,,,,,,
,,,,,,,,,
,,,,,,,,,
,,,,,,,,,
,,,,,,,,,
,,,,,,,,,
,,,,,,,,,
,,,,,,,,,
,,,,,,,,,
,,,,,,,,,
,,,,,,,,,
,,,,,,,,,
,,,,,,,,,
,,,,,,,,,
,,,,,,,,,
,,,,,,,,,
,,,,,,,,,
,,,,,,,,,
,,,,,,,,,
,,,,,,,,,
,,,,,,,,,
,,,,,,,,,
,,,,,,,,,
,,,,,,,,,
,,,,,,,,,
,,,,,,,,,
,,,,,,,,,
,,,,,,,,,
,,,,,,,,,
,,,,,,,,,
,,,,,,,,,
,,,,,,,,,
,,,,,,,,,
,,,,,,,,,
,,,,,,,,,
,,,,,,,,,
,,,,,,,,,
,,,,,,,,,
,,,,,,,,,
,,,,,,,,,
,,,,,,,,,
,,,,,,,,,
,,,,,,,,,
,,,,,,,,,
,,,,,,,,,
,,,,,,,,,
,,,,,,,,,
,,,,,,,,,
,,,,,,,,,
,,,,,,,,,