date,start_time,stop_time,algae_id,species,sample_id,file_id_csv,light_dark,run_block,blank,chamber_channel,light_level,light_value
2026-02-02,14:00,14:15,DA04T,da,DA04T_TPI,DA04T_TPI_RUN1_O2.csv,light,run1,0,1,1,0
2026-02-02,14:00,14:15,GS02T,gs,GS02T_TPI,GS02T_TPI_RUN1_O2.csv,light,run1,0,2,1,0
2026-02-02,14:00,14:15,AS03T,as,AS03T_TPI,AS03T_TPI_RUN1_O2.csv,light,run1,0,3,1,0
2026-02-02,14:00,14:15,SF01T,sf,SF01T_TPI,SF01T_TPI_RUN1_O2.csv,light,run1,0,4,1,0
2026-02-02,14:00,14:15,AV02T,av,AV02T_TPI,AV02T_TPI_RUN1_O2.csv,light,run1,0,5,1,0
2026-02-02,14:00,14:15,BLANKAT01_RUN1,blank,BLANKAT01_TPI_RUN1,BLANKAT01_TPI_RUN1_O2.csv,light,run1,1,6,1,0
2026-02-02,14:00,14:15,BLANKAT02_RUN1,blank,BLANKAT02_TPI_RUN1,BLANKAT02_TPI_RUN1_O2.csv,light,run1,1,7,1,0
2026-02-02,14:00,14:15,DA01T,da,DA01T_TPI,DA01T_TPI_RUN1_O2.csv,light,run1,0,8,1,0
2026-02-02,14:00,14:15,CS02T,cs,CS02T_TPI,CS02T_TPI_RUN1_O2.csv,light,run1,0,9,1,0
2026-02-02,14:00,14:15,GS04T,gs,GS04T_TPI,GS04T_TPI_RUN1_O2.csv,light,run1,0,10,1,0
2026-02-02,14:00,14:15,SF02T,sf,SF02T_TPI,SF02T_TPI_RUN1_O2.csv,light,run1,0,11,1,0
2026-02-02,14:00,14:15,AV03T,av,AV03T_TPI,AV03T_TPI_RUN1_O2.csv,light,run1,0,12,1,0
2026-02-02,14:20,14:35,DA04T,da,DA04T_TPI,DA04T_TPI_RUN1_O2.csv,light,run1,0,1,2,95
2026-02-02,14:20,14:35,GS02T,gs,GS02T_TPI,GS02T_TPI_RUN1_O2.csv,light,run1,0,2,2,95
2026-02-02,14:20,14:35,AS03T,as,AS03T_TPI,AS03T_TPI_RUN1_O2.csv,light,run1,0,3,2,95
2026-02-02,14:20,14:35,SF01T,sf,SF01T_TPI,SF01T_TPI_RUN1_O2.csv,light,run1,0,4,2,95
2026-02-02,14:20,14:35,AV02T,av,AV02T_TPI,AV02T_TPI_RUN1_O2.csv,light,run1,0,5,2,95
2026-02-02,14:20,14:35,BLANKAT01_RUN1,blank,BLANKAT01_TPI_RUN1,BLANKAT01_TPI_RUN1_O2.csv,light,run1,1,6,2,95
2026-02-02,14:20,14:35,BLANKAT02_RUN1,blank,BLANKAT02_TPI_RUN1,BLANKAT02_TPI_RUN1_O2.csv,light,run1,1,7,2,95
2026-02-02,14:20,14:35,DA01T,da,DA01T_TPI,DA01T_TPI_RUN1_O2.csv,light,run1,0,8,2,95
2026-02-02,14:20,14:35,CS02T,cs,CS02T_TPI,CS02T_TPI_RUN1_O2.csv,light,run1,0,9,2,95
2026-02-02,14:20,14:35,GS04T,gs,GS04T_TPI,GS04T_TPI_RUN1_O2.csv,light,run1,0,10,2,95
2026-02-02,14:20,14:35,SF02T,sf,SF02T_TPI,SF02T_TPI_RUN1_O2.csv,light,run1,0,11,2,95
2026-02-02,14:20,14:35,AV03T,av,AV03T_TPI,AV03T_TPI_RUN1_O2.csv,light,run1,0,12,2,95
2026-02-02,14:40,14:55,DA04T,da,DA04T_TPI,DA04T_TPI_RUN1_O2.csv,light,run1,0,1,3,195
2026-02-02,14:40,14:55,GS02T,gs,GS02T_TPI,GS02T_TPI_RUN1_O2.csv,light,run1,0,2,3,195
2026-02-02,14:40,14:55,AS03T,as,AS03T_TPI,AS03T_TPI_RUN1_O2.csv,light,run1,0,3,3,195
2026-02-02,14:40,14:55,SF01T,sf,SF01T_TPI,SF01T_TPI_RUN1_O2.csv,light,run1,0,4,3,195
2026-02-02,14:40,14:55,AV02T,av,AV02T_TPI,AV02T_TPI_RUN1_O2.csv,light,run1,0,5,3,195
2026-02-02,14:40,14:55,BLANKAT01_RUN1,blank,BLANKAT01_TPI_RUN1,BLANKAT01_TPI_RUN1_O2.csv,light,run1,1,6,3,195
2026-02-02,14:40,14:55,BLANKAT02_RUN1,blank,BLANKAT02_TPI_RUN1,BLANKAT02_TPI_RUN1_O2.csv,light,run1,1,7,3,195
2026-02-02,14:40,14:55,DA01T,da,DA01T_TPI,DA01T_TPI_RUN1_O2.csv,light,run1,0,8,3,195
2026-02-02,14:40,14:55,CS02T,cs,CS02T_TPI,CS02T_TPI_RUN1_O2.csv,light,run1,0,9,3,195
2026-02-02,14:40,14:55,GS04T,gs,GS04T_TPI,GS04T_TPI_RUN1_O2.csv,light,run1,0,10,3,195
2026-02-02,14:40,14:55,SF02T,sf,SF02T_TPI,SF02T_TPI_RUN1_O2.csv,light,run1,0,11,3,195
2026-02-02,14:59,15:14,AV03T,av,AV03T_TPI,AV03T_TPI_RUN1_O2.csv,light,run1,0,12,3,195
2026-02-02,14:59,15:14,DA04T,da,DA04T_TPI,DA04T_TPI_RUN1_O2.csv,light,run1,0,1,4,305
2026-02-02,14:59,15:14,GS02T,gs,GS02T_TPI,GS02T_TPI_RUN1_O2.csv,light,run1,0,2,4,305
2026-02-02,14:59,15:14,AS03T,as,AS03T_TPI,AS03T_TPI_RUN1_O2.csv,light,run1,0,3,4,305
2026-02-02,14:59,15:14,SF01T,sf,SF01T_TPI,SF01T_TPI_RUN1_O2.csv,light,run1,0,4,4,305
2026-02-02,14:59,15:14,AV02T,av,AV02T_TPI,AV02T_TPI_RUN1_O2.csv,light,run1,0,5,4,305
2026-02-02,14:59,15:14,BLANKAT01_RUN1,blank,BLANKAT01_TPI_RUN1,BLANKAT01_TPI_RUN1_O2.csv,light,run1,1,6,4,305
2026-02-02,14:59,15:14,BLANKAT02_RUN1,blank,BLANKAT02_TPI_RUN1,BLANKAT02_TPI_RUN1_O2.csv,light,run1,1,7,4,305
2026-02-02,14:59,15:14,DA01T,da,DA01T_TPI,DA01T_TPI_RUN1_O2.csv,light,run1,0,8,4,305
2026-02-02,14:59,15:14,CS02T,cs,CS02T_TPI,CS02T_TPI_RUN1_O2.csv,light,run1,0,9,4,305
2026-02-02,14:59,15:14,GS04T,gs,GS04T_TPI,GS04T_TPI_RUN1_O2.csv,light,run1,0,10,4,305
2026-02-02,14:59,15:14,SF02T,sf,SF02T_TPI,SF02T_TPI_RUN1_O2.csv,light,run1,0,11,4,305
2026-02-02,14:59,15:14,AV03T,av,AV03T_TPI,AV03T_TPI_RUN1_O2.csv,light,run1,0,12,4,305
2026-02-02,15:30,15:45,DA04T,da,DA04T_TPI,DA04T_TPI_RUN1_O2.csv,light,run1,0,1,5,390
2026-02-02,15:30,15:45,GS02T,gs,GS02T_TPI,GS02T_TPI_RUN1_O2.csv,light,run1,0,2,5,390
2026-02-02,15:30,15:45,AS03T,as,AS03T_TPI,AS03T_TPI_RUN1_O2.csv,light,run1,0,3,5,390
2026-02-02,15:30,15:45,SF01T,sf,SF01T_TPI,SF01T_TPI_RUN1_O2.csv,light,run1,0,4,5,390
2026-02-02,15:30,15:45,AV02T,av,AV02T_TPI,AV02T_TPI_RUN1_O2.csv,light,run1,0,5,5,390
2026-02-02,15:30,15:45,BLANKAT01_RUN1,blank,BLANKAT01_TPI_RUN1,BLANKAT01_TPI_RUN1_O2.csv,light,run1,1,6,5,390
2026-02-02,15:30,15:45,BLANKAT02_RUN1,blank,BLANKAT02_TPI_RUN1,BLANKAT02_TPI_RUN1_O2.csv,light,run1,1,7,5,390
2026-02-02,15:30,15:45,DA01T,da,DA01T_TPI,DA01T_TPI_RUN1_O2.csv,light,run1,0,8,5,390
2026-02-02,15:30,15:45,CS02T,cs,CS02T_TPI,CS02T_TPI_RUN1_O2.csv,light,run1,0,9,5,390
2026-02-02,15:30,15:45,GS04T,gs,GS04T_TPI,GS04T_TPI_RUN1_O2.csv,light,run1,0,10,5,390
2026-02-02,15:30,15:45,SF02T,sf,SF02T_TPI,SF02T_TPI_RUN1_O2.csv,light,run1,0,11,5,390
2026-02-02,15:30,15:45,AV03T,av,AV03T_TPI,AV03T_TPI_RUN1_O2.csv,light,run1,0,12,5,390
2026-02-02,16:00,16:15,DA04T,da,DA04T_TPI,DA04T_TPI_RUN1_O2.csv,light,run1,0,1,6,510
2026-02-02,16:00,16:15,GS02T,gs,GS02T_TPI,GS02T_TPI_RUN1_O2.csv,light,run1,0,2,6,510
2026-02-02,16:00,16:15,AS03T,as,AS03T_TPI,AS03T_TPI_RUN1_O2.csv,light,run1,0,3,6,510
2026-02-02,16:00,16:15,SF01T,sf,SF01T_TPI,SF01T_TPI_RUN1_O2.csv,light,run1,0,4,6,510
2026-02-02,16:00,16:15,AV02T,av,AV02T_TPI,AV02T_TPI_RUN1_O2.csv,light,run1,0,5,6,510
2026-02-02,16:00,16:15,BLANKAT01_RUN1,blank,BLANKAT01_TPI_RUN1,BLANKAT01_TPI_RUN1_O2.csv,light,run1,1,6,6,510
2026-02-02,16:00,16:15,BLANKAT02_RUN1,blank,BLANKAT02_TPI_RUN1,BLANKAT02_TPI_RUN1_O2.csv,light,run1,1,7,6,510
2026-02-02,16:00,16:15,DA01T,da,DA01T_TPI,DA01T_TPI_RUN1_O2.csv,light,run1,0,8,6,510
2026-02-02,16:00,16:15,CS02T,cs,CS02T_TPI,CS02T_TPI_RUN1_O2.csv,light,run1,0,9,6,510
2026-02-02,16:00,16:15,GS04T,gs,GS04T_TPI,GS04T_TPI_RUN1_O2.csv,light,run1,0,10,6,510
2026-02-02,16:00,16:15,SF02T,sf,SF02T_TPI,SF02T_TPI_RUN1_O2.csv,light,run1,0,11,6,510
2026-02-02,16:00,16:15,AV03T,av,AV03T_TPI,AV03T_TPI_RUN1_O2.csv,light,run1,0,12,6,510
2026-02-02,16:19,16:34,DA04T,da,DA04T_TPI,DA04T_TPI_RUN1_O2.csv,light,run1,0,1,7,602
2026-02-02,16:19,16:34,GS02T,gs,GS02T_TPI,GS02T_TPI_RUN1_O2.csv,light,run1,0,2,7,602
2026-02-02,16:19,16:34,AS03T,as,AS03T_TPI,AS03T_TPI_RUN1_O2.csv,light,run1,0,3,7,602
2026-02-02,16:19,16:34,SF01T,sf,SF01T_TPI,SF01T_TPI_RUN1_O2.csv,light,run1,0,4,7,602
2026-02-02,16:19,16:34,AV02T,av,AV02T_TPI,AV02T_TPI_RUN1_O2.csv,light,run1,0,5,7,602
2026-02-02,16:19,16:34,BLANKAT01_RUN1,blank,BLANKAT01_TPI_RUN1,BLANKAT01_TPI_RUN1_O2.csv,light,run1,1,6,7,602
2026-02-02,16:19,16:34,BLANKAT02_RUN1,blank,BLANKAT02_TPI_RUN1,BLANKAT02_TPI_RUN1_O2.csv,light,run1,1,7,7,602
2026-02-02,16:19,16:34,DA01T,da,DA01T_TPI,DA01T_TPI_RUN1_O2.csv,light,run1,0,8,7,602
2026-02-02,16:19,16:34,CS02T,cs,CS02T_TPI,CS02T_TPI_RUN1_O2.csv,light,run1,0,9,7,602
2026-02-02,16:19,16:34,GS04T,gs,GS04T_TPI,GS04T_TPI_RUN1_O2.csv,light,run1,0,10,7,602
2026-02-02,16:19,16:34,SF02T,sf,SF02T_TPI,SF02T_TPI_RUN1_O2.csv,light,run1,0,11,7,602
2026-02-02,16:19,16:34,AV03T,av,AV03T_TPI,AV03T_TPI_RUN1_O2.csv,light,run1,0,12,7,602
2026-02-02,16:42,16:57,DA04T,da,DA04T_TPI,DA04T_TPI_RUN1_O2.csv,light,run1,0,1,8,710
2026-02-02,16:42,16:57,GS02T,gs,GS02T_TPI,GS02T_TPI_RUN1_O2.csv,light,run1,0,2,8,710
2026-02-02,16:42,16:57,AS03T,as,AS03T_TPI,AS03T_TPI_RUN1_O2.csv,light,run1,0,3,8,710
2026-02-02,16:42,16:57,SF01T,sf,SF01T_TPI,SF01T_TPI_RUN1_O2.csv,light,run1,0,4,8,710
2026-02-02,16:42,16:57,AV02T,av,AV02T_TPI,AV02T_TPI_RUN1_O2.csv,light,run1,0,5,8,710
2026-02-02,16:42,16:57,BLANKAT01_RUN1,blank,BLANKAT01_TPI_RUN1,BLANKAT01_TPI_RUN1_O2.csv,light,run1,1,6,8,710
2026-02-02,16:42,16:57,BLANKAT02_RUN1,blank,BLANKAT02_TPI_RUN1,BLANKAT02_TPI_RUN1_O2.csv,light,run1,1,7,8,710
2026-02-02,16:42,16:57,DA01T,da,DA01T_TPI,DA01T_TPI_RUN1_O2.csv,light,run1,0,8,8,710
2026-02-02,16:42,16:57,CS02T,cs,CS02T_TPI,CS02T_TPI_RUN1_O2.csv,light,run1,0,9,8,710
2026-02-02,16:42,16:57,GS04T,gs,GS04T_TPI,GS04T_TPI_RUN1_O2.csv,light,run1,0,10,8,710
2026-02-02,16:42,16:57,SF02T,sf,SF02T_TPI,SF02T_TPI_RUN1_O2.csv,light,run1,0,11,8,710
2026-02-02,16:42,16:57,AV03T,av,AV03T_TPI,AV03T_TPI_RUN1_O2.csv,light,run1,0,12,8,710
2026-02-03,12:10,12:25,AS01T,as,AS01T_TPI,AS01T_TPI_RUN2_O2.csv,light,run2,0,1,1,0
2026-02-03,12:10,12:25,CS04T,cs,CS04T_TPI,CS04T_TPI_RUN2_O2.csv,light,run2,0,2,1,0
2026-02-03,12:10,12:25,DA03T,da,DA03T_TPI,DA03T_TPI_RUN2_O2.csv,light,run2,0,3,1,0
2026-02-03,12:10,12:25,SF03T,sf,SF03T_TPI,SF03T_TPI_RUN2_O2.csv,light,run2,0,4,1,0
2026-02-03,12:10,12:25,BLANKAT01_RUN2,blank,BLANKAT01_TPI_RUN2,BLANKAT01_TPI_RUN2_O2.csv,light,run2,1,5,1,0
2026-02-03,12:10,12:25,AV01T,av,AV01T_TPI,AV01T_TPI_RUN2_O2.csv,light,run2,0,6,1,0
2026-02-03,12:10,12:25,SF04T,sf,SF04T_TPI,SF04T_TPI_RUN2_O2.csv,light,run2,0,7,1,0
2026-02-03,12:10,12:25,CS01T,cs,CS01T_TPI,CS01T_TPI_RUN2_O2.csv,light,run2,0,8,1,0
2026-02-03,12:10,12:25,BLANKAT02_RUN2,blank,BLANKAT02_TPI_RUN2,BLANKAT02_TPI_RUN2_O2.csv,light,run2,1,9,1,0
2026-02-03,12:10,12:25,AV04T,av,AV04T_TPI,AV04T_TPI_RUN2_O2.csv,light,run2,0,10,1,0
2026-02-03,12:10,12:25,GS01T,gs,GS01T_TPI,GS01T_TPI_RUN2_O2.csv,light,run2,0,11,1,0
2026-02-03,12:10,12:25,AS02T,as,AS02T_TPI,AS02T_TPI_RUN2_O2.csv,light,run2,0,12,1,0
2026-02-03,12:28,12:43,AS01T,as,AS01T_TPI,AS01T_TPI_RUN2_O2.csv,light,run2,0,1,2,98
2026-02-03,12:28,12:43,CS04T,cs,CS04T_TPI,CS04T_TPI_RUN2_O2.csv,light,run2,0,2,2,98
2026-02-03,12:28,12:43,DA03T,da,DA03T_TPI,DA03T_TPI_RUN2_O2.csv,light,run2,0,3,2,98
2026-02-03,12:28,12:43,SF03T,sf,SF03T_TPI,SF03T_TPI_RUN2_O2.csv,light,run2,0,4,2,98
2026-02-03,12:28,12:43,BLANKAT01_RUN2,blank,BLANKAT01_TPI_RUN2,BLANKAT01_TPI_RUN2_O2.csv,light,run2,1,5,2,98
2026-02-03,12:28,12:43,AV01T,av,AV01T_TPI,AV01T_TPI_RUN2_O2.csv,light,run2,0,6,2,98
2026-02-03,12:28,12:43,SF04T,sf,SF04T_TPI,SF04T_TPI_RUN2_O2.csv,light,run2,0,7,2,98
2026-02-03,12:28,12:43,CS01T,cs,CS01T_TPI,CS01T_TPI_RUN2_O2.csv,light,run2,0,8,2,98
2026-02-03,12:28,12:43,BLANKAT02_RUN2,blank,BLANKAT02_TPI_RUN2,BLANKAT02_TPI_RUN2_O2.csv,light,run2,1,9,2,98
2026-02-03,12:28,12:43,AV04T,av,AV04T_TPI,AV04T_TPI_RUN2_O2.csv,light,run2,0,10,2,98
2026-02-03,12:28,12:43,GS01T,gs,GS01T_TPI,GS01T_TPI_RUN2_O2.csv,light,run2,0,11,2,98
2026-02-03,12:28,12:43,AS02T,as,AS02T_TPI,AS02T_TPI_RUN2_O2.csv,light,run2,0,12,2,98
2026-02-03,12:45,13:00,AS01T,as,AS01T_TPI,AS01T_TPI_RUN2_O2.csv,light,run2,0,1,3,202
2026-02-03,12:45,13:00,CS04T,cs,CS04T_TPI,CS04T_TPI_RUN2_O2.csv,light,run2,0,2,3,202
2026-02-03,12:45,13:00,DA03T,da,DA03T_TPI,DA03T_TPI_RUN2_O2.csv,light,run2,0,3,3,202
2026-02-03,12:45,13:00,SF03T,sf,SF03T_TPI,SF03T_TPI_RUN2_O2.csv,light,run2,0,4,3,202
2026-02-03,12:45,13:00,BLANKAT01_RUN2,blank,BLANKAT01_TPI_RUN2,BLANKAT01_TPI_RUN2_O2.csv,light,run2,1,5,3,202
2026-02-03,12:45,13:00,AV01T,av,AV01T_TPI,AV01T_TPI_RUN2_O2.csv,light,run2,0,6,3,202
2026-02-03,12:45,13:00,SF04T,sf,SF04T_TPI,SF04T_TPI_RUN2_O2.csv,light,run2,0,7,3,202
2026-02-03,12:45,13:00,CS01T,cs,CS01T_TPI,CS01T_TPI_RUN2_O2.csv,light,run2,0,8,3,202
2026-02-03,12:45,13:00,BLANKAT02_RUN2,blank,BLANKAT02_TPI_RUN2,BLANKAT02_TPI_RUN2_O2.csv,light,run2,1,9,3,202
2026-02-03,12:45,13:00,AV04T,av,AV04T_TPI,AV04T_TPI_RUN2_O2.csv,light,run2,0,10,3,202
2026-02-03,12:45,13:00,GS01T,gs,GS01T_TPI,GS01T_TPI_RUN2_O2.csv,light,run2,0,11,3,202
2026-02-03,12:45,13:00,AS02T,as,AS02T_TPI,AS02T_TPI_RUN2_O2.csv,light,run2,0,12,3,202
2026-02-03,13:03,13:18,AS01T,as,AS01T_TPI,AS01T_TPI_RUN2_O2.csv,light,run2,0,1,4,298
2026-02-03,13:03,13:18,CS04T,cs,CS04T_TPI,CS04T_TPI_RUN2_O2.csv,light,run2,0,2,4,298
2026-02-03,13:03,13:18,DA03T,da,DA03T_TPI,DA03T_TPI_RUN2_O2.csv,light,run2,0,3,4,298
2026-02-03,13:03,13:18,SF03T,sf,SF03T_TPI,SF03T_TPI_RUN2_O2.csv,light,run2,0,4,4,298
2026-02-03,13:03,13:18,BLANKAT01_RUN2,blank,BLANKAT01_TPI_RUN2,BLANKAT01_TPI_RUN2_O2.csv,light,run2,1,5,4,298
2026-02-03,13:03,13:18,AV01T,av,AV01T_TPI,AV01T_TPI_RUN2_O2.csv,light,run2,0,6,4,298
2026-02-03,13:03,13:18,SF04T,sf,SF04T_TPI,SF04T_TPI_RUN2_O2.csv,light,run2,0,7,4,298
2026-02-03,13:03,13:18,CS01T,cs,CS01T_TPI,CS01T_TPI_RUN2_O2.csv,light,run2,0,8,4,298
2026-02-03,13:03,13:18,BLANKAT02_RUN2,blank,BLANKAT02_TPI_RUN2,BLANKAT02_TPI_RUN2_O2.csv,light,run2,1,9,4,298
2026-02-03,13:03,13:18,AV04T,av,AV04T_TPI,AV04T_TPI_RUN2_O2.csv,light,run2,0,10,4,298
2026-02-03,13:03,13:18,GS01T,gs,GS01T_TPI,GS01T_TPI_RUN2_O2.csv,light,run2,0,11,4,298
2026-02-03,13:03,13:18,AS02T,as,AS02T_TPI,AS02T_TPI_RUN2_O2.csv,light,run2,0,12,4,298
2026-02-03,13:22,13:37,AS01T,as,AS01T_TPI,AS01T_TPI_RUN2_O2.csv,light,run2,0,1,5,397
2026-02-03,13:22,13:37,CS04T,cs,CS04T_TPI,CS04T_TPI_RUN2_O2.csv,light,run2,0,2,5,397
2026-02-03,13:22,13:37,DA03T,da,DA03T_TPI,DA03T_TPI_RUN2_O2.csv,light,run2,0,3,5,397
2026-02-03,13:22,13:37,SF03T,sf,SF03T_TPI,SF03T_TPI_RUN2_O2.csv,light,run2,0,4,5,397
2026-02-03,13:22,13:37,BLANKAT01_RUN2,blank,BLANKAT01_TPI_RUN2,BLANKAT01_TPI_RUN2_O2.csv,light,run2,1,5,5,397
2026-02-03,13:22,13:37,AV01T,av,AV01T_TPI,AV01T_TPI_RUN2_O2.csv,light,run2,0,6,5,397
2026-02-03,13:22,13:37,SF04T,sf,SF04T_TPI,SF04T_TPI_RUN2_O2.csv,light,run2,0,7,5,397
2026-02-03,13:22,13:37,CS01T,cs,CS01T_TPI,CS01T_TPI_RUN2_O2.csv,light,run2,0,8,5,397
2026-02-03,13:22,13:37,BLANKAT02_RUN2,blank,BLANKAT02_TPI_RUN2,BLANKAT02_TPI_RUN2_O2.csv,light,run2,1,9,5,397
2026-02-03,13:22,13:37,AV04T,av,AV04T_TPI,AV04T_TPI_RUN2_O2.csv,light,run2,0,10,5,397
2026-02-03,13:22,13:37,GS01T,gs,GS01T_TPI,GS01T_TPI_RUN2_O2.csv,light,run2,0,11,5,397
2026-02-03,13:22,13:37,AS02T,as,AS02T_TPI,AS02T_TPI_RUN2_O2.csv,light,run2,0,12,5,397
2026-02-03,13:55,14:10,AS01T,as,AS01T_TPI,AS01T_TPI_RUN2_O2.csv,light,run2,0,1,6,490
2026-02-03,13:55,14:10,CS04T,cs,CS04T_TPI,CS04T_TPI_RUN2_O2.csv,light,run2,0,2,6,490
2026-02-03,13:55,14:10,DA03T,da,DA03T_TPI,DA03T_TPI_RUN2_O2.csv,light,run2,0,3,6,490
2026-02-03,13:55,14:10,SF03T,sf,SF03T_TPI,SF03T_TPI_RUN2_O2.csv,light,run2,0,4,6,490
2026-02-03,13:55,14:10,BLANKAT01_RUN2,blank,BLANKAT01_TPI_RUN2,BLANKAT01_TPI_RUN2_O2.csv,light,run2,1,5,6,490
2026-02-03,13:55,14:10,AV01T,av,AV01T_TPI,AV01T_TPI_RUN2_O2.csv,light,run2,0,6,6,490
2026-02-03,13:55,14:10,SF04T,sf,SF04T_TPI,SF04T_TPI_RUN2_O2.csv,light,run2,0,7,6,490
2026-02-03,13:55,14:10,CS01T,cs,CS01T_TPI,CS01T_TPI_RUN2_O2.csv,light,run2,0,8,6,490
2026-02-03,13:55,14:10,BLANKAT02_RUN2,blank,BLANKAT02_TPI_RUN2,BLANKAT02_TPI_RUN2_O2.csv,light,run2,1,9,6,490
2026-02-03,13:55,14:10,AV04T,av,AV04T_TPI,AV04T_TPI_RUN2_O2.csv,light,run2,0,10,6,490
2026-02-03,13:55,14:10,GS01T,gs,GS01T_TPI,GS01T_TPI_RUN2_O2.csv,light,run2,0,11,6,490
2026-02-03,13:55,14:10,AS02T,as,AS02T_TPI,AS02T_TPI_RUN2_O2.csv,light,run2,0,12,6,490
2026-02-03,14:16,14:31,AS01T,as,AS01T_TPI,AS01T_TPI_RUN2_O2.csv,light,run2,0,1,7,595
2026-02-03,14:16,14:31,CS04T,cs,CS04T_TPI,CS04T_TPI_RUN2_O2.csv,light,run2,0,2,7,595
2026-02-03,14:16,14:31,DA03T,da,DA03T_TPI,DA03T_TPI_RUN2_O2.csv,light,run2,0,3,7,595
2026-02-03,14:16,14:31,SF03T,sf,SF03T_TPI,SF03T_TPI_RUN2_O2.csv,light,run2,0,4,7,595
2026-02-03,14:16,14:31,BLANKAT01_RUN2,blank,BLANKAT01_TPI_RUN2,BLANKAT01_TPI_RUN2_O2.csv,light,run2,1,5,7,595
2026-02-03,14:16,14:31,AV01T,av,AV01T_TPI,AV01T_TPI_RUN2_O2.csv,light,run2,0,6,7,595
2026-02-03,14:16,14:31,SF04T,sf,SF04T_TPI,SF04T_TPI_RUN2_O2.csv,light,run2,0,7,7,595
2026-02-03,14:16,14:31,CS01T,cs,CS01T_TPI,CS01T_TPI_RUN2_O2.csv,light,run2,0,8,7,595
2026-02-03,14:16,14:31,BLANKAT02_RUN2,blank,BLANKAT02_TPI_RUN2,BLANKAT02_TPI_RUN2_O2.csv,light,run2,1,9,7,595
2026-02-03,14:16,14:31,AV04T,av,AV04T_TPI,AV04T_TPI_RUN2_O2.csv,light,run2,0,10,7,595
2026-02-03,14:16,14:31,GS01T,gs,GS01T_TPI,GS01T_TPI_RUN2_O2.csv,light,run2,0,11,7,595
2026-02-03,14:16,14:31,AS02T,as,AS02T_TPI,AS02T_TPI_RUN2_O2.csv,light,run2,0,12,7,595
2026-02-03,14:42,14:57,AS01T,as,AS01T_TPI,AS01T_TPI_RUN2_O2.csv,light,run2,0,1,8,690
2026-02-03,14:42,14:57,CS04T,cs,CS04T_TPI,CS04T_TPI_RUN2_O2.csv,light,run2,0,2,8,690
2026-02-03,14:42,14:57,DA03T,da,DA03T_TPI,DA03T_TPI_RUN2_O2.csv,light,run2,0,3,8,690
2026-02-03,14:42,14:57,SF03T,sf,SF03T_TPI,SF03T_TPI_RUN2_O2.csv,light,run2,0,4,8,690
2026-02-03,14:42,14:57,BLANKAT01_RUN2,blank,BLANKAT01_TPI_RUN2,BLANKAT01_TPI_RUN2_O2.csv,light,run2,1,5,8,690
2026-02-03,14:42,14:57,AV01T,av,AV01T_TPI,AV01T_TPI_RUN2_O2.csv,light,run2,0,6,8,690
2026-02-03,14:42,14:57,SF04T,sf,SF04T_TPI,SF04T_TPI_RUN2_O2.csv,light,run2,0,7,8,690
2026-02-03,14:42,14:57,CS01T,cs,CS01T_TPI,CS01T_TPI_RUN2_O2.csv,light,run2,0,8,8,690
2026-02-03,14:42,14:57,BLANKAT02_RUN2,blank,BLANKAT02_TPI_RUN2,BLANKAT02_TPI_RUN2_O2.csv,light,run2,1,9,8,690
2026-02-03,14:42,14:57,AV04T,av,AV04T_TPI,AV04T_TPI_RUN2_O2.csv,light,run2,0,10,8,690
2026-02-03,14:42,14:57,GS01T,gs,GS01T_TPI,GS01T_TPI_RUN2_O2.csv,light,run2,0,11,8,690
2026-02-03,14:42,14:57,AS02T,as,AS02T_TPI,AS02T_TPI_RUN2_O2.csv,light,run2,0,12,8,690
2026-02-03,15:55,16:10,BLANKAT01_RUN3,blank,BLANKAT01_TPI_RUN3,BLANKAT01_TPI_RUN3_O2.csv,light,run3,1,1,1,0
2026-02-03,15:55,16:10,CS03T,cs,CS03T_TPI,CS03T_TPI_RUN3_O2.csv,light,run3,0,2,1,0
2026-02-03,15:55,16:10,HD01T,hd,HD01T_TPI,HD01T_TPI_RUN3_O2.csv,light,run3,0,3,1,0
2026-02-03,15:55,16:10,SF05T,sf,SF05T_TPI,SF05T_TPI_RUN3_O2.csv,light,run3,0,4,1,0
2026-02-03,15:55,16:10,AS04T,as,AS04T_TPI,AS04T_TPI_RUN3_O2.csv,light,run3,0,5,1,0
2026-02-03,15:55,16:10,GS03T,gs,GS03T_TPI,GS03T_TPI_RUN3_O2.csv,light,run3,0,6,1,0
2026-02-03,15:55,16:10,HD02T,hd,HD02T_TPI,HD02T_TPI_RUN3_O2.csv,light,run3,0,7,1,0
2026-02-03,15:55,16:10,AV05T,av,AV05T_TPI,AV05T_TPI_RUN3_O2.csv,light,run3,0,8,1,0
2026-02-03,15:55,16:10,CS05T,cs,CS05T_TPI,CS05T_TPI_RUN3_O2.csv,light,run3,0,9,1,0
2026-02-03,15:55,16:10,AS05T,as,AS05T_TPI,AS05T_TPI_RUN3_O2.csv,light,run3,0,10,1,0
2026-02-03,15:55,16:10,BLANKAT02_RUN3,blank,BLANKAT02_TPI_RUN3,BLANKAT02_TPI_RUN3_O2.csv,light,run3,1,11,1,0
2026-02-03,15:55,16:10,DA02T,da,DA02T_TPI,DA02T_TPI_RUN3_O2.csv,light,run3,0,12,1,0
2026-02-03,16:12,16:27,BLANKAT01_RUN3,blank,BLANKAT01_TPI_RUN3,BLANKAT01_TPI_RUN3_O2.csv,light,run3,1,1,2,95
2026-02-03,16:12,16:27,CS03T,cs,CS03T_TPI,CS03T_TPI_RUN3_O2.csv,light,run3,0,2,2,95
2026-02-03,16:12,16:27,HD01T,hd,HD01T_TPI,HD01T_TPI_RUN3_O2.csv,light,run3,0,3,2,95
2026-02-03,16:12,16:27,SF05T,sf,SF05T_TPI,SF05T_TPI_RUN3_O2.csv,light,run3,0,4,2,95
2026-02-03,16:12,16:27,AS04T,as,AS04T_TPI,AS04T_TPI_RUN3_O2.csv,light,run3,0,5,2,95
2026-02-03,16:12,16:27,GS03T,gs,GS03T_TPI,GS03T_TPI_RUN3_O2.csv,light,run3,0,6,2,95
2026-02-03,16:12,16:27,HD02T,hd,HD02T_TPI,HD02T_TPI_RUN3_O2.csv,light,run3,0,7,2,95
2026-02-03,16:12,16:27,AV05T,av,AV05T_TPI,AV05T_TPI_RUN3_O2.csv,light,run3,0,8,2,95
2026-02-03,16:12,16:27,CS05T,cs,CS05T_TPI,CS05T_TPI_RUN3_O2.csv,light,run3,0,9,2,95
2026-02-03,16:12,16:27,AS05T,as,AS05T_TPI,AS05T_TPI_RUN3_O2.csv,light,run3,0,10,2,95
2026-02-03,16:12,16:27,BLANKAT02_RUN3,blank,BLANKAT02_TPI_RUN3,BLANKAT02_TPI_RUN3_O2.csv,light,run3,1,11,2,95
2026-02-03,16:12,16:27,DA02T,da,DA02T_TPI,DA02T_TPI_RUN3_O2.csv,light,run3,0,12,2,95
2026-02-03,16:30,16:45,BLANKAT01_RUN3,blank,BLANKAT01_TPI_RUN3,BLANKAT01_TPI_RUN3_O2.csv,light,run3,1,1,3,205
2026-02-03,16:30,16:45,CS03T,cs,CS03T_TPI,CS03T_TPI_RUN3_O2.csv,light,run3,0,2,3,205
2026-02-03,16:30,16:45,HD01T,hd,HD01T_TPI,HD01T_TPI_RUN3_O2.csv,light,run3,0,3,3,205
2026-02-03,16:30,16:45,SF05T,sf,SF05T_TPI,SF05T_TPI_RUN3_O2.csv,light,run3,0,4,3,205
2026-02-03,16:30,16:45,AS04T,as,AS04T_TPI,AS04T_TPI_RUN3_O2.csv,light,run3,0,5,3,205
2026-02-03,16:30,16:45,GS03T,gs,GS03T_TPI,GS03T_TPI_RUN3_O2.csv,light,run3,0,6,3,205
2026-02-03,16:30,16:45,HD02T,hd,HD02T_TPI,HD02T_TPI_RUN3_O2.csv,light,run3,0,7,3,205
2026-02-03,16:30,16:45,AV05T,av,AV05T_TPI,AV05T_TPI_RUN3_O2.csv,light,run3,0,8,3,205
2026-02-03,16:30,16:45,CS05T,cs,CS05T_TPI,CS05T_TPI_RUN3_O2.csv,light,run3,0,9,3,205
2026-02-03,16:30,16:45,AS05T,as,AS05T_TPI,AS05T_TPI_RUN3_O2.csv,light,run3,0,10,3,205
2026-02-03,16:30,16:45,BLANKAT02_RUN3,blank,BLANKAT02_TPI_RUN3,BLANKAT02_TPI_RUN3_O2.csv,light,run3,1,11,3,205
2026-02-03,16:30,16:45,DA02T,da,DA02T_TPI,DA02T_TPI_RUN3_O2.csv,light,run3,0,12,3,205
2026-02-03,16:48,17:03,BLANKAT01_RUN3,blank,BLANKAT01_TPI_RUN3,BLANKAT01_TPI_RUN3_O2.csv,light,run3,1,1,4,301
2026-02-03,16:48,17:03,CS03T,cs,CS03T_TPI,CS03T_TPI_RUN3_O2.csv,light,run3,0,2,4,301
2026-02-03,16:48,17:03,HD01T,hd,HD01T_TPI,HD01T_TPI_RUN3_O2.csv,light,run3,0,3,4,301
2026-02-03,16:48,17:03,SF05T,sf,SF05T_TPI,SF05T_TPI_RUN3_O2.csv,light,run3,0,4,4,301
2026-02-03,16:48,17:03,AS04T,as,AS04T_TPI,AS04T_TPI_RUN3_O2.csv,light,run3,0,5,4,301
2026-02-03,16:48,17:03,GS03T,gs,GS03T_TPI,GS03T_TPI_RUN3_O2.csv,light,run3,0,6,4,301
2026-02-03,16:48,17:03,HD02T,hd,HD02T_TPI,HD02T_TPI_RUN3_O2.csv,light,run3,0,7,4,301
2026-02-03,16:48,17:03,AV05T,av,AV05T_TPI,AV05T_TPI_RUN3_O2.csv,light,run3,0,8,4,301
2026-02-03,16:48,17:03,CS05T,cs,CS05T_TPI,CS05T_TPI_RUN3_O2.csv,light,run3,0,9,4,301
2026-02-03,16:48,17:03,AS05T,as,AS05T_TPI,AS05T_TPI_RUN3_O2.csv,light,run3,0,10,4,301
2026-02-03,16:48,17:03,BLANKAT02_RUN3,blank,BLANKAT02_TPI_RUN3,BLANKAT02_TPI_RUN3_O2.csv,light,run3,1,11,4,301
2026-02-03,16:48,17:03,DA02T,da,DA02T_TPI,DA02T_TPI_RUN3_O2.csv,light,run3,0,12,4,301
2026-02-03,17:08,17:23,BLANKAT01_RUN3,blank,BLANKAT01_TPI_RUN3,BLANKAT01_TPI_RUN3_O2.csv,light,run3,1,1,5,404
2026-02-03,17:08,17:23,CS03T,cs,CS03T_TPI,CS03T_TPI_RUN3_O2.csv,light,run3,0,2,5,404
2026-02-03,17:08,17:23,HD01T,hd,HD01T_TPI,HD01T_TPI_RUN3_O2.csv,light,run3,0,3,5,404
2026-02-03,17:08,17:23,SF05T,sf,SF05T_TPI,SF05T_TPI_RUN3_O2.csv,light,run3,0,4,5,404
2026-02-03,17:08,17:23,AS04T,as,AS04T_TPI,AS04T_TPI_RUN3_O2.csv,light,run3,0,5,5,404
2026-02-03,17:08,17:23,GS03T,gs,GS03T_TPI,GS03T_TPI_RUN3_O2.csv,light,run3,0,6,5,404
2026-02-03,17:08,17:23,HD02T,hd,HD02T_TPI,HD02T_TPI_RUN3_O2.csv,light,run3,0,7,5,404
2026-02-03,17:08,17:23,AV05T,av,AV05T_TPI,AV05T_TPI_RUN3_O2.csv,light,run3,0,8,5,404
2026-02-03,17:08,17:23,CS05T,cs,CS05T_TPI,CS05T_TPI_RUN3_O2.csv,light,run3,0,9,5,404
2026-02-03,17:08,17:23,AS05T,as,AS05T_TPI,AS05T_TPI_RUN3_O2.csv,light,run3,0,10,5,404
2026-02-03,17:08,17:23,BLANKAT02_RUN3,blank,BLANKAT02_TPI_RUN3,BLANKAT02_TPI_RUN3_O2.csv,light,run3,1,11,5,404
2026-02-03,17:08,17:23,DA02T,da,DA02T_TPI,DA02T_TPI_RUN3_O2.csv,light,run3,0,12,5,404
2026-02-03,17:29,17:44,BLANKAT01_RUN3,blank,BLANKAT01_TPI_RUN3,BLANKAT01_TPI_RUN3_O2.csv,light,run3,1,1,6,508
2026-02-03,17:29,17:44,CS03T,cs,CS03T_TPI,CS03T_TPI_RUN3_O2.csv,light,run3,0,2,6,508
2026-02-03,17:29,17:44,HD01T,hd,HD01T_TPI,HD01T_TPI_RUN3_O2.csv,light,run3,0,3,6,508
2026-02-03,17:29,17:44,SF05T,sf,SF05T_TPI,SF05T_TPI_RUN3_O2.csv,light,run3,0,4,6,508
2026-02-03,17:29,17:44,AS04T,as,AS04T_TPI,AS04T_TPI_RUN3_O2.csv,light,run3,0,5,6,508
2026-02-03,17:29,17:44,GS03T,gs,GS03T_TPI,GS03T_TPI_RUN3_O2.csv,light,run3,0,6,6,508
2026-02-03,17:29,17:44,HD02T,hd,HD02T_TPI,HD02T_TPI_RUN3_O2.csv,light,run3,0,7,6,508
2026-02-03,17:29,17:44,AV05T,av,AV05T_TPI,AV05T_TPI_RUN3_O2.csv,light,run3,0,8,6,508
2026-02-03,17:29,17:44,CS05T,cs,CS05T_TPI,CS05T_TPI_RUN3_O2.csv,light,run3,0,9,6,508
2026-02-03,17:29,17:44,AS05T,as,AS05T_TPI,AS05T_TPI_RUN3_O2.csv,light,run3,0,10,6,508
2026-02-03,17:29,17:44,BLANKAT02_RUN3,blank,BLANKAT02_TPI_RUN3,BLANKAT02_TPI_RUN3_O2.csv,light,run3,1,11,6,508
2026-02-03,17:29,17:44,DA02T,da,DA02T_TPI,DA02T_TPI_RUN3_O2.csv,light,run3,0,12,6,508
2026-02-03,17:48,18:03,BLANKAT01_RUN3,blank,BLANKAT01_TPI_RUN3,BLANKAT01_TPI_RUN3_O2.csv,light,run3,1,1,7,601
2026-02-03,17:48,18:03,CS03T,cs,CS03T_TPI,CS03T_TPI_RUN3_O2.csv,light,run3,0,2,7,601
2026-02-03,17:48,18:03,HD01T,hd,HD01T_TPI,HD01T_TPI_RUN3_O2.csv,light,run3,0,3,7,601
2026-02-03,17:48,18:03,SF05T,sf,SF05T_TPI,SF05T_TPI_RUN3_O2.csv,light,run3,0,4,7,601
2026-02-03,17:48,18:03,AS04T,as,AS04T_TPI,AS04T_TPI_RUN3_O2.csv,light,run3,0,5,7,601
2026-02-03,17:48,18:03,GS03T,gs,GS03T_TPI,GS03T_TPI_RUN3_O2.csv,light,run3,0,6,7,601
2026-02-03,17:48,18:03,HD02T,hd,HD02T_TPI,HD02T_TPI_RUN3_O2.csv,light,run3,0,7,7,601
2026-02-03,17:48,18:03,AV05T,av,AV05T_TPI,AV05T_TPI_RUN3_O2.csv,light,run3,0,8,7,601
2026-02-03,17:48,18:03,CS05T,cs,CS05T_TPI,CS05T_TPI_RUN3_O2.csv,light,run3,0,9,7,601
2026-02-03,17:48,18:03,AS05T,as,AS05T_TPI,AS05T_TPI_RUN3_O2.csv,light,run3,0,10,7,601
2026-02-03,17:48,18:03,BLANKAT02_RUN3,blank,BLANKAT02_TPI_RUN3,BLANKAT02_TPI_RUN3_O2.csv,light,run3,1,11,7,601
2026-02-03,17:48,18:03,DA02T,da,DA02T_TPI,DA02T_TPI_RUN3_O2.csv,light,run3,0,12,7,601
2026-02-03,18:09,18:24,BLANKAT01_RUN3,blank,BLANKAT01_TPI_RUN3,BLANKAT01_TPI_RUN3_O2.csv,light,run3,1,1,8,710
2026-02-03,18:09,18:24,CS03T,cs,CS03T_TPI,CS03T_TPI_RUN3_O2.csv,light,run3,0,2,8,710
2026-02-03,18:09,18:24,HD01T,hd,HD01T_TPI,HD01T_TPI_RUN3_O2.csv,light,run3,0,3,8,710
2026-02-03,18:09,18:24,SF05T,sf,SF05T_TPI,SF05T_TPI_RUN3_O2.csv,light,run3,0,4,8,710
2026-02-03,18:09,18:24,AS04T,as,AS04T_TPI,AS04T_TPI_RUN3_O2.csv,light,run3,0,5,8,710
2026-02-03,18:09,18:24,GS03T,gs,GS03T_TPI,GS03T_TPI_RUN3_O2.csv,light,run3,0,6,8,710
2026-02-03,18:09,18:24,HD02T,hd,HD02T_TPI,HD02T_TPI_RUN3_O2.csv,light,run3,0,7,8,710
2026-02-03,18:09,18:24,AV05T,av,AV05T_TPI,AV05T_TPI_RUN3_O2.csv,light,run3,0,8,8,710
2026-02-03,18:09,18:24,CS05T,cs,CS05T_TPI,CS05T_TPI_RUN3_O2.csv,light,run3,0,9,8,710
2026-02-03,18:09,18:24,AS05T,as,AS05T_TPI,AS05T_TPI_RUN3_O2.csv,light,run3,0,10,8,710
2026-02-03,18:09,18:24,BLANKAT02_RUN3,blank,BLANKAT02_TPI_RUN3,BLANKAT02_TPI_RUN3_O2.csv,light,run3,1,11,8,710
2026-02-03,18:09,18:24,DA02T,da,DA02T_TPI,DA02T_TPI_RUN3_O2.csv,light,run3,0,12,8,710