file_id_csv,sample_id,intercept,umol.L.sec,temp_c,light_level,light_value,run_block
AS01T_TPI_RUN2_O2.csv,AS01T_TPI_RUN2,205.58572991452988,-0.00401545299145291,23.859105263157893,1,0,run2
AS01T_TPI_RUN2_O2.csv,AS01T_TPI_RUN2,201.6741953846154,-3.071538461538618e-4,23.871,2,98,run2
AS01T_TPI_RUN2_O2.csv,AS01T_TPI_RUN2,201.64155350389322,0.002648609566184647,23.800526315789472,3,202,run2
AS01T_TPI_RUN2_O2.csv,AS01T_TPI_RUN2,204.8512034749035,0.0052579343629343515,23.778157894736843,4,298,run2
AS01T_TPI_RUN2_O2.csv,AS01T_TPI_RUN2,211.09345118410997,0.006942719633307916,23.810921052631578,5,397,run2
AS01T_TPI_RUN2_O2.csv,AS01T_TPI_RUN2,226.62879927536252,0.010280565217391117,23.992526315789473,6,490,run2
AS01T_TPI_RUN2_O2.csv,AS01T_TPI_RUN2,239.93664088669954,0.01127416256157634,24.13736842105263,7,595,run2
AS01T_TPI_RUN2_O2.csv,AS01T_TPI_RUN2,258.08510461538464,0.012572884615384593,24.33078947368421,8,690,run2
AS02T_TPI_RUN2_O2.csv,AS02T_TPI_RUN2,206.52743852813856,-0.0024285064935065026,23.810394736842106,1,0,run2
AS02T_TPI_RUN2_O2.csv,AS02T_TPI_RUN2,204.13130150375932,1.7560150375944318e-4,23.805026315789473,2,98,run2
AS02T_TPI_RUN2_O2.csv,AS02T_TPI_RUN2,204.46883679283675,0.0019014652014652457,23.725421052631578,3,202,run2
AS02T_TPI_RUN2_O2.csv,AS02T_TPI_RUN2,206.53863369963358,0.003864499389499453,23.6965,4,298,run2
AS02T_TPI_RUN2_O2.csv,AS02T_TPI_RUN2,210.85468774703563,0.00494634387351775,23.713815789473685,5,397,run2
AS02T_TPI_RUN2_O2.csv,AS02T_TPI_RUN2,221.41187067669145,0.005668045112782228,23.87121052631579,6,490,run2
AS02T_TPI_RUN2_O2.csv,AS02T_TPI_RUN2,228.930012315271,0.006842487684729027,23.99984210526316,7,595,run2
AS02T_TPI_RUN2_O2.csv,AS02T_TPI_RUN2,239.4271499999999,0.008563750000000198,24.16236842105263,8,690,run2
AS03T_TPI_RUN1_O2.csv,AS03T_TPI_RUN1,196.11690677674605,-0.002639834881321306,23.76825641025641,1,0,run1
AS03T_TPI_RUN1_O2.csv,AS03T_TPI_RUN1,193.357542437174,0.0027282124229493147,24.045641025641025,2,95,run1
AS03T_TPI_RUN1_O2.csv,AS03T_TPI_RUN1,197.1592845849802,0.006270750988142325,24.122153846153847,3,195,run1
AS03T_TPI_RUN1_O2.csv,AS03T_TPI_RUN1,204.7333241379309,0.009215862068965621,24.208641025641025,4,305,run1
AS03T_TPI_RUN1_O2.csv,AS03T_TPI_RUN1,224.71884318554999,0.013939313081554576,24.474846153846155,5,390,run1
AS03T_TPI_RUN1_O2.csv,AS03T_TPI_RUN1,251.31031418803428,0.015469726495726433,24.157102564102566,6,510,run1
AS03T_TPI_RUN1_O2.csv,AS03T_TPI_RUN1,268.90911842788285,0.016759010011123513,24.320564102564102,7,602,run1
AS03T_TPI_RUN1_O2.csv,AS03T_TPI_RUN1,292.11118599918603,0.016455738705738656,24.473153846153846,8,710,run1
AS04T_TPI_RUN3_O2.csv,AS04T_TPI_RUN3,204.0305376475376,-0.0037233516483516204,23.768102564102563,1,0,run3
AS04T_TPI_RUN3_O2.csv,AS04T_TPI_RUN3,200.08812836484978,0.0012999443826474345,23.780589743589744,2,95,run3
AS04T_TPI_RUN3_O2.csv,AS04T_TPI_RUN3,201.62137922077912,0.0046268372803667645,23.72446153846154,3,205,run3
AS04T_TPI_RUN3_O2.csv,AS04T_TPI_RUN3,206.67401970970198,0.00739733384262802,23.730948717948717,4,301,run3
AS04T_TPI_RUN3_O2.csv,AS04T_TPI_RUN3,216.30061948790893,0.009592946894262705,23.78246153846154,5,404,run3
AS04T_TPI_RUN3_O2.csv,AS04T_TPI_RUN3,228.63654962406022,0.011255639097744317,23.8774358974359,6,508,run3
AS04T_TPI_RUN3_O2.csv,AS04T_TPI_RUN3,241.28656126482207,0.012013537549407175,23.990000000000002,7,601,run3
AS04T_TPI_RUN3_O2.csv,AS04T_TPI_RUN3,256.20159076923085,0.011685692307692253,24.128435897435896,8,710,run3
AS05T_TPI_RUN3_O2.csv,AS05T_TPI_RUN3,201.67363453331882,-0.0022427563190721912,23.926564102564104,1,0,run3
AS05T_TPI_RUN3_O2.csv,AS05T_TPI_RUN3,199.347724053724,-6.361416361410873e-5,23.935589743589745,2,95,run3
AS05T_TPI_RUN3_O2.csv,AS05T_TPI_RUN3,199.41006396627554,0.0011761271994135813,23.88,3,205,run3
AS05T_TPI_RUN3_O2.csv,AS05T_TPI_RUN3,200.7093890923892,0.0025055860805860215,23.879051282051282,4,301,run3
AS05T_TPI_RUN3_O2.csv,AS05T_TPI_RUN3,203.761510026738,0.003471691176470567,23.927717948717948,5,404,run3
AS05T_TPI_RUN3_O2.csv,AS05T_TPI_RUN3,208.17550802139047,0.004326203208556029,24.03505128205128,6,508,run3
AS05T_TPI_RUN3_O2.csv,AS05T_TPI_RUN3,213.0640653594773,0.0047295149638800936,24.132410256410257,7,601,run3
AS05T_TPI_RUN3_O2.csv,AS05T_TPI_RUN3,219.2251488721802,0.0047952255639099745,24.260410256410257,8,710,run3
AV01T_TPI_RUN2_O2.csv,AV01T_TPI_RUN2,195.36818461538468,-0.008291538461538529,23.758657894736842,1,0,run2
AV01T_TPI_RUN2_O2.csv,AV01T_TPI_RUN2,185.3273121212121,0.0020722727272727694,23.76313157894737,2,98,run2
AV01T_TPI_RUN2_O2.csv,AV01T_TPI_RUN2,187.3797528138528,0.009463051948051944,23.706184210526317,3,202,run2
AV01T_TPI_RUN2_O2.csv,AV01T_TPI_RUN2,197.83906837606833,0.01603995726495731,23.696157894736842,4,298,run2
AV01T_TPI_RUN2_O2.csv,AV01T_TPI_RUN2,216.07965486365478,0.01897789987789999,23.72678947368421,5,397,run2
AV01T_TPI_RUN2_O2.csv,AV01T_TPI_RUN2,255.10842333333346,0.022565499999999877,23.87365789473684,6,490,run2
AV01T_TPI_RUN2_O2.csv,AV01T_TPI_RUN2,283.6114210526315,0.023150438596491307,23.986631578947367,7,595,run2
AV01T_TPI_RUN2_O2.csv,AV01T_TPI_RUN2,320.5080450089128,0.01348828542780735,24.148315789473685,8,690,run2
AV02T_TPI_RUN1_O2.csv,AV02T_TPI_RUN1,178.43255517241377,-0.010827019704433467,23.687923076923077,1,0,run1
AV02T_TPI_RUN1_O2.csv,AV02T_TPI_RUN1,166.17054278074863,1.0043449197867474e-5,23.976820512820513,2,95,run1
AV02T_TPI_RUN1_O2.csv,AV02T_TPI_RUN1,166.73656363636368,0.007920000000000023,24.059538461538462,3,195,run1
AV02T_TPI_RUN1_O2.csv,AV02T_TPI_RUN1,177.55655564066103,0.017077650727650648,24.154153846153847,4,305,run1
AV02T_TPI_RUN1_O2.csv,AV02T_TPI_RUN1,209.99915763546804,0.017247783251231493,24.417641025641025,5,390,run1
AV02T_TPI_RUN1_O2.csv,AV02T_TPI_RUN1,241.00711133004927,0.022961527093596095,24.100435897435897,6,510,run1
AV02T_TPI_RUN1_O2.csv,AV02T_TPI_RUN1,267.4828215384616,0.023606461538461423,24.26494871794872,7,602,run1
AV02T_TPI_RUN1_O2.csv,AV02T_TPI_RUN1,302.2889532019702,0.025911412151067573,24.41471794871795,8,710,run1
AV03T_TPI_RUN1_O2.csv,AV03T_TPI_RUN1,193.39788861521612,-0.0042914340448822474,23.698564102564102,1,0,run1
AV03T_TPI_RUN1_O2.csv,AV03T_TPI_RUN1,188.3863186615188,0.002709832689832614,23.966,2,95,run1
AV03T_TPI_RUN1_O2.csv,AV03T_TPI_RUN1,201.30108547008547,0.011223418803418832,24.147615384615385,3,195,run1
AV03T_TPI_RUN1_O2.csv,AV03T_TPI_RUN1,201.30108547008547,0.011223418803418832,24.147615384615385,4,305,run1
AV03T_TPI_RUN1_O2.csv,AV03T_TPI_RUN1,223.88690677316995,0.013647860816281849,24.399974358974358,5,390,run1
AV03T_TPI_RUN1_O2.csv,AV03T_TPI_RUN1,248.71988195488737,0.014332669172932147,24.06453846153846,6,510,run1
AV03T_TPI_RUN1_O2.csv,AV03T_TPI_RUN1,265.49783611853843,0.016189989973261945,24.239461538461537,7,602,run1
AV03T_TPI_RUN1_O2.csv,AV03T_TPI_RUN1,288.73341625615757,0.016880418719211886,24.395384615384614,8,710,run1
AV04T_TPI_RUN2_O2.csv,AV04T_TPI_RUN2,185.29066666666662,-0.009254285714285685,23.916526315789476,1,0,run2
AV04T_TPI_RUN2_O2.csv,AV04T_TPI_RUN2,174.7144276923077,0.001785269230769211,23.92657894736842,2,98,run2
AV04T_TPI_RUN2_O2.csv,AV04T_TPI_RUN2,176.42809603386806,0.00850604946524067,23.86015789473684,3,202,run2
AV04T_TPI_RUN2_O2.csv,AV04T_TPI_RUN2,185.89500075187965,0.013364022556391004,23.83971052631579,4,298,run2
AV04T_TPI_RUN2_O2.csv,AV04T_TPI_RUN2,201.34954577434567,0.017053777348777444,23.86986842105263,5,397,run2
AV04T_TPI_RUN2_O2.csv,AV04T_TPI_RUN2,237.69760520527865,0.022527501832844535,24.043236842105262,6,490,run2
AV04T_TPI_RUN2_O2.csv,AV04T_TPI_RUN2,265.8222366692129,0.02556603514132944,24.176026315789475,7,595,run2
AV04T_TPI_RUN2_O2.csv,AV04T_TPI_RUN2,305.862911531331,0.024028531701891096,24.34957894736842,8,690,run2
AV05T_TPI_RUN3_O2.csv,AV05T_TPI_RUN3,207.3733743842366,-0.0023467487684730296,23.846692307692308,1,0,run3
AV05T_TPI_RUN3_O2.csv,AV05T_TPI_RUN3,204.6127555555556,-0.001130393162393177,23.843564102564102,2,95,run3
AV05T_TPI_RUN3_O2.csv,AV05T_TPI_RUN3,203.45833962780506,-8.332649151613315e-4,23.78723076923077,3,205,run3
AV05T_TPI_RUN3_O2.csv,AV05T_TPI_RUN3,202.65832419354837,6.890524193548605e-4,23.78923076923077,4,301,run3
AV05T_TPI_RUN3_O2.csv,AV05T_TPI_RUN3,202.85489243697467,0.0010240616246499552,23.83876923076923,5,404,run3
AV05T_TPI_RUN3_O2.csv,AV05T_TPI_RUN3,204.14685230769248,0.0017216923076921076,23.93592307692308,6,508,run3
AV05T_TPI_RUN3_O2.csv,AV05T_TPI_RUN3,205.9579087719296,0.001961666666666887,24.035666666666668,7,601,run3
AV05T_TPI_RUN3_O2.csv,AV05T_TPI_RUN3,208.70454285714297,0.0019457881773398088,24.1624358974359,8,710,run3
BLANKAT01_TPI_RUN1_O2.csv,BLANKAT01_TPI_RUN1,207.4125240601505,1.8796992467497617e-7,23.688076923076924,1,0,run1
BLANKAT01_TPI_RUN1_O2.csv,BLANKAT01_TPI_RUN1,207.27086772486774,1.8543956043952622e-4,23.95220512820513,2,95,run1
BLANKAT01_TPI_RUN1_O2.csv,BLANKAT01_TPI_RUN1,207.4557419354838,-2.6814516128965136e-5,24.044153846153847,3,195,run1
BLANKAT01_TPI_RUN1_O2.csv,BLANKAT01_TPI_RUN1,207.48455008210192,-4.228243021356078e-5,24.139051282051284,4,305,run1
BLANKAT01_TPI_RUN1_O2.csv,BLANKAT01_TPI_RUN1,207.33217099567116,1.8798701298686213e-4,24.38217948717949,5,390,run1
BLANKAT01_TPI_RUN1_O2.csv,BLANKAT01_TPI_RUN1,207.6904348357523,3.5821237586051325e-5,24.01197435897436,6,510,run1
BLANKAT01_TPI_RUN1_O2.csv,BLANKAT01_TPI_RUN1,207.63240200222472,2.8298109009987786e-5,24.193025641025642,7,602,run1
BLANKAT01_TPI_RUN1_O2.csv,BLANKAT01_TPI_RUN1,207.5743379679145,1.9925133689833907e-4,24.319153846153846,8,710,run1
BLANKAT01_TPI_RUN2_O2.csv,BLANKAT01_TPI_RUN2,208.3310364532019,-6.702955665023611e-4,23.742526315789473,1,0,run2
BLANKAT01_TPI_RUN2_O2.csv,BLANKAT01_TPI_RUN2,207.5858339920947,-3.767927724447762e-4,23.742105263157896,2,98,run2
BLANKAT01_TPI_RUN2_O2.csv,BLANKAT01_TPI_RUN2,207.18333483483477,-4.590733590732834e-4,23.665131578947367,3,202,run2
BLANKAT01_TPI_RUN2_O2.csv,BLANKAT01_TPI_RUN2,206.61342857142867,-3.7192118226610183e-4,23.645473684210526,4,298,run2
BLANKAT01_TPI_RUN2_O2.csv,BLANKAT01_TPI_RUN2,205.95926190476155,6.369047619123793e-5,23.67307894736842,5,397,run2
BLANKAT01_TPI_RUN2_O2.csv,BLANKAT01_TPI_RUN2,205.38495773081198,-4.1780867630696305e-4,23.835578947368422,6,490,run2
BLANKAT01_TPI_RUN2_O2.csv,BLANKAT01_TPI_RUN2,204.90605911330042,-5.064039408866334e-4,23.971078947368422,7,595,run2
BLANKAT01_TPI_RUN2_O2.csv,BLANKAT01_TPI_RUN2,204.1496352343308,-2.8921513269323834e-4,24.140473684210527,8,690,run2
BLANKAT01_TPI_RUN3_O2.csv,BLANKAT01_TPI_RUN3,206.2564256157636,-0.0013361083743842754,23.905128205128204,1,0,run3
BLANKAT01_TPI_RUN3_O2.csv,BLANKAT01_TPI_RUN3,204.77716935483872,-0.0014349193548387174,23.909846153846154,2,95,run3
BLANKAT01_TPI_RUN3_O2.csv,BLANKAT01_TPI_RUN3,203.16084584980226,-0.001407312252964277,23.8575641025641,3,205,run3
BLANKAT01_TPI_RUN3_O2.csv,BLANKAT01_TPI_RUN3,201.58537137560262,-0.0013336040044494484,23.856512820512823,4,301,run3
BLANKAT01_TPI_RUN3_O2.csv,BLANKAT01_TPI_RUN3,199.9311870967742,-0.0012622580645161644,23.911435897435897,5,404,run3
BLANKAT01_TPI_RUN3_O2.csv,BLANKAT01_TPI_RUN3,198.33454515599342,-7.630131362889721e-4,24.01174358974359,6,508,run3
BLANKAT01_TPI_RUN3_O2.csv,BLANKAT01_TPI_RUN3,197.43605285285278,-6.479536679536069e-4,24.118871794871794,7,601,run3
BLANKAT01_TPI_RUN3_O2.csv,BLANKAT01_TPI_RUN3,196.5577784615383,-5.858461538459912e-4,24.272564102564104,8,710,run3
BLANKAT02_TPI_RUN1_O2.csv,BLANKAT02_TPI_RUN1,207.29874285714254,-2.4821428571386513e-4,23.78066666666667,1,0,run1
BLANKAT02_TPI_RUN1_O2.csv,BLANKAT02_TPI_RUN1,206.99291625615757,-1.4481390257242222e-4,24.037589743589745,2,95,run1
BLANKAT02_TPI_RUN1_O2.csv,BLANKAT02_TPI_RUN1,206.94934591291064,-2.9343009931253448e-5,24.13176923076923,3,195,run1
BLANKAT02_TPI_RUN1_O2.csv,BLANKAT02_TPI_RUN1,206.92767932217922,-4.147361647352152e-5,24.227,4,305,run1
BLANKAT02_TPI_RUN1_O2.csv,BLANKAT02_TPI_RUN1,206.69671101223585,-8.802002224697535e-5,24.483153846153847,5,390,run1
BLANKAT02_TPI_RUN1_O2.csv,BLANKAT02_TPI_RUN1,207.27382352941177,-2.2551470588235765e-4,24.127384615384617,6,510,run1
BLANKAT02_TPI_RUN1_O2.csv,BLANKAT02_TPI_RUN1,206.9617958974358,-1.8817094017079686e-4,24.296717948717948,7,602,run1
BLANKAT02_TPI_RUN1_O2.csv,BLANKAT02_TPI_RUN1,206.9177351778656,-1.983342744211986e-4,24.42828205128205,8,710,run1
BLANKAT02_TPI_RUN2_O2.csv,BLANKAT02_TPI_RUN2,208.1545981460881,-6.97341490544936e-4,23.783605263157895,1,0,run2
BLANKAT02_TPI_RUN2_O2.csv,BLANKAT02_TPI_RUN2,207.41439573070605,-4.20894909687985e-4,23.786026315789474,2,98,run2
BLANKAT02_TPI_RUN2_O2.csv,BLANKAT02_TPI_RUN2,206.85914082214083,-2.646520146520403e-4,23.718815789473684,3,202,run2
BLANKAT02_TPI_RUN2_O2.csv,BLANKAT02_TPI_RUN2,206.4466078270388,-2.9510125889429726e-4,23.690921052631577,4,298,run2
BLANKAT02_TPI_RUN2_O2.csv,BLANKAT02_TPI_RUN2,205.9774947368421,-2.4815789473684596e-4,23.7085,5,397,run2
BLANKAT02_TPI_RUN2_O2.csv,BLANKAT02_TPI_RUN2,205.21409846153864,-1.9953846153869715e-4,23.851894736842105,6,490,run2
BLANKAT02_TPI_RUN2_O2.csv,BLANKAT02_TPI_RUN2,204.8282807917888,-3.902767595307168e-4,23.988,7,595,run2
BLANKAT02_TPI_RUN2_O2.csv,BLANKAT02_TPI_RUN2,204.0793460410557,-7.140762463336278e-5,24.157842105263157,8,690,run2
BLANKAT02_TPI_RUN3_O2.csv,BLANKAT02_TPI_RUN3,202.35971153846174,-0.0013601923076925252,23.854205128205127,1,0,run3
BLANKAT02_TPI_RUN3_O2.csv,BLANKAT02_TPI_RUN3,201.01996547008554,-0.001277111111111161,23.87,2,95,run3
BLANKAT02_TPI_RUN3_O2.csv,BLANKAT02_TPI_RUN3,199.53300230769233,-5.847307692307983e-4,23.81953846153846,3,205,run3
BLANKAT02_TPI_RUN3_O2.csv,BLANKAT02_TPI_RUN3,198.9448596059115,-8.321428571429379e-4,23.812641025641025,4,301,run3
BLANKAT02_TPI_RUN3_O2.csv,BLANKAT02_TPI_RUN3,198.0396434188036,-4.1217094017107804e-4,23.867128205128203,5,404,run3
BLANKAT02_TPI_RUN3_O2.csv,BLANKAT02_TPI_RUN3,197.3916534391535,-2.742063492064036e-4,23.955153846153845,6,508,run3
BLANKAT02_TPI_RUN3_O2.csv,BLANKAT02_TPI_RUN3,196.82620142602514,-2.163101604279702e-4,24.05002564102564,7,601,run3
BLANKAT02_TPI_RUN3_O2.csv,BLANKAT02_TPI_RUN3,196.3812215384616,-2.3176923076931866e-4,24.183641025641027,8,710,run3
CS01T_TPI_RUN2_O2.csv,CS01T_TPI_RUN2,206.52769210233603,-0.0028783537263626763,23.82392105263158,1,0,run2
CS01T_TPI_RUN2_O2.csv,CS01T_TPI_RUN2,203.2887282608697,0.0035459980237152913,23.82478947368421,2,98,run2
CS01T_TPI_RUN2_O2.csv,CS01T_TPI_RUN2,207.05927272727268,0.006927272727272882,23.756526315789472,3,202,run2
CS01T_TPI_RUN2_O2.csv,CS01T_TPI_RUN2,214.91103667213997,0.009595990695128773,23.735263157894735,4,298,run2
CS01T_TPI_RUN2_O2.csv,CS01T_TPI_RUN2,225.92629548872173,0.011277744360902314,23.764815789473683,5,397,run2
CS01T_TPI_RUN2_O2.csv,CS01T_TPI_RUN2,248.59461111111094,0.012262698412698548,23.923000000000002,6,490,run2
CS01T_TPI_RUN2_O2.csv,CS01T_TPI_RUN2,264.1490221815222,0.012757600732600727,24.0485,7,595,run2
CS01T_TPI_RUN2_O2.csv,CS01T_TPI_RUN2,283.84307749351115,0.013507641824249333,24.213605263157895,8,690,run2
CS02T_TPI_RUN1_O2.csv,CS02T_TPI_RUN1,206.10455692307718,-0.0012289230769233375,23.6915641025641,1,0,run1
CS02T_TPI_RUN1_O2.csv,CS02T_TPI_RUN1,204.1404774114775,0.0019973443223442705,23.957666666666668,2,95,run1
CS02T_TPI_RUN1_O2.csv,CS02T_TPI_RUN1,206.65955804792645,0.0037857478936426173,24.047384615384615,3,195,run1
CS02T_TPI_RUN1_O2.csv,CS02T_TPI_RUN1,210.9991986161986,0.004652747252747274,24.142769230769233,4,305,run1
CS02T_TPI_RUN1_O2.csv,CS02T_TPI_RUN1,219.84773122529643,0.005493873517786536,24.393102564102563,5,390,run1
CS02T_TPI_RUN1_O2.csv,CS02T_TPI_RUN1,230.0020714529915,0.005098324786324754,24.03253846153846,6,510,run1
CS02T_TPI_RUN1_O2.csv,CS02T_TPI_RUN1,235.91667923186358,0.005580523944997521,24.21620512820513,7,602,run1
CS02T_TPI_RUN1_O2.csv,CS02T_TPI_RUN1,243.59667797101477,0.005821065217391083,24.361,8,710,run1
CS03T_TPI_RUN3_O2.csv,CS03T_TPI_RUN3,200.72773880341882,-0.0043222905982905875,23.801820512820512,1,0,run3
CS03T_TPI_RUN3_O2.csv,CS03T_TPI_RUN3,195.22787912087918,0.0033549450549450084,23.79825641025641,2,95,run3
CS03T_TPI_RUN3_O2.csv,CS03T_TPI_RUN3,199.4362518351214,0.008631055900621151,23.74746153846154,3,205,run3
CS03T_TPI_RUN3_O2.csv,CS03T_TPI_RUN3,209.1843685383243,0.013058973930481372,23.758179487179486,4,301,run3
CS03T_TPI_RUN3_O2.csv,CS03T_TPI_RUN3,225.2206995967741,0.015355489369501563,23.819282051282052,5,404,run3
CS03T_TPI_RUN3_O2.csv,CS03T_TPI_RUN3,244.90175999999988,0.01695200000000009,23.917820512820512,6,508,run3
CS03T_TPI_RUN3_O2.csv,CS03T_TPI_RUN3,264.3407326203208,0.017483078686019917,24.01617948717949,7,601,run3
CS03T_TPI_RUN3_O2.csv,CS03T_TPI_RUN3,286.19827115942053,0.01775045652173885,24.154153846153847,8,710,run3
CS04T_TPI_RUN2_O2.csv,CS04T_TPI_RUN2,196.19410588235303,-0.0043060294117648395,23.743263157894738,1,0,run2
CS04T_TPI_RUN2_O2.csv,CS04T_TPI_RUN2,191.65077701149428,0.006728275862068938,23.745894736842107,2,98,run2
CS04T_TPI_RUN2_O2.csv,CS04T_TPI_RUN2,198.91094502164518,0.014449935064934936,23.677473684210526,3,202,run2
CS04T_TPI_RUN2_O2.csv,CS04T_TPI_RUN2,214.9285221815222,0.01945177045177045,23.665710526315788,4,298,run2
CS04T_TPI_RUN2_O2.csv,CS04T_TPI_RUN2,237.51913095238092,0.022709642857142852,23.69757894736842,5,397,run2
CS04T_TPI_RUN2_O2.csv,CS04T_TPI_RUN2,283.18978905982897,0.025513623931624065,23.865473684210528,6,490,run2
CS04T_TPI_RUN2_O2.csv,CS04T_TPI_RUN2,315.2481220588235,0.024337941176470555,23.996657894736842,7,595,run2
CS04T_TPI_RUN2_O2.csv,CS04T_TPI_RUN2,354.2178610954263,0.025046894409937914,24.178315789473682,8,690,run2
CS05T_TPI_RUN3_O2.csv,CS05T_TPI_RUN3,202.05065358215344,-0.004070077220077092,23.79625641025641,1,0,run3
CS05T_TPI_RUN3_O2.csv,CS05T_TPI_RUN3,197.35608375350145,0.0017919467787114456,23.791179487179487,2,95,run3
CS05T_TPI_RUN3_O2.csv,CS05T_TPI_RUN3,199.75111085115861,0.006445137032085562,23.740076923076924,3,205,run3
CS05T_TPI_RUN3_O2.csv,CS05T_TPI_RUN3,206.72975806451615,0.009791048387096754,23.72923076923077,4,301,run3
CS05T_TPI_RUN3_O2.csv,CS05T_TPI_RUN3,217.6746342028986,0.010767673913043431,23.772102564102564,5,404,run3
CS05T_TPI_RUN3_O2.csv,CS05T_TPI_RUN3,231.65752330827067,0.01260932330827066,23.865717948717947,6,508,run3
CS05T_TPI_RUN3_O2.csv,CS05T_TPI_RUN3,246.3115971685971,0.014333005148005243,23.96176923076923,7,601,run3
CS05T_TPI_RUN3_O2.csv,CS05T_TPI_RUN3,264.4103427713427,0.015239028314028426,24.107897435897435,8,710,run3
DA01T_TPI_RUN1_O2.csv,DA01T_TPI_RUN1,200.20098260869574,-0.0048376956521740035,23.736076923076922,1,0,run1
DA01T_TPI_RUN1_O2.csv,DA01T_TPI_RUN1,194.7248225806451,0.0071145967741935824,23.997641025641027,2,95,run1
DA01T_TPI_RUN1_O2.csv,DA01T_TPI_RUN1,204.1669073202757,0.014783094430462862,24.08925641025641,3,195,run1
DA01T_TPI_RUN1_O2.csv,DA01T_TPI_RUN1,221.25050940170937,0.020081965811965887,24.184641025641024,4,305,run1
DA01T_TPI_RUN1_O2.csv,DA01T_TPI_RUN1,260.69750782350746,0.02126318131256963,24.43120512820513,5,390,run1
DA01T_TPI_RUN1_O2.csv,DA01T_TPI_RUN1,298.1511042639969,0.019982725250278246,24.074384615384616,6,510,run1
DA01T_TPI_RUN1_O2.csv,DA01T_TPI_RUN1,321.3559065934064,0.021946428571428846,24.24897435897436,7,602,run1
DA01T_TPI_RUN1_O2.csv,DA01T_TPI_RUN1,350.5147841120474,0.019376425210635637,24.38533333333333,8,710,run1
DA02T_TPI_RUN3_O2.csv,DA02T_TPI_RUN3,198.14037380011294,-0.009969113495200473,23.803564102564103,1,0,run3
DA02T_TPI_RUN3_O2.csv,DA02T_TPI_RUN3,187.08496813725486,0.014097181372549068,23.800384615384615,2,95,run3
DA02T_TPI_RUN3_O2.csv,DA02T_TPI_RUN3,211.8590454545455,0.01616136363636361,23.75923076923077,3,205,run3
DA02T_TPI_RUN3_O2.csv,DA02T_TPI_RUN3,230.86271627565972,0.03582463343108513,23.75748717948718,4,301,run3
DA02T_TPI_RUN3_O2.csv,DA02T_TPI_RUN3,274.0423002199413,0.039703619868035285,23.808230769230768,5,404,run3
DA02T_TPI_RUN3_O2.csv,DA02T_TPI_RUN3,328.126086956522,0.04208586956521715,23.919846153846155,6,508,run3
DA02T_TPI_RUN3_O2.csv,DA02T_TPI_RUN3,374.4977657342662,0.04667709790209701,24.00953846153846,7,601,run3
DA02T_TPI_RUN3_O2.csv,DA02T_TPI_RUN3,407.7664010381902,0.01401011123470554,24.14305128205128,8,710,run3
DA03T_TPI_RUN2_O2.csv,DA03T_TPI_RUN2,201.02829745989314,-0.003196958556149833,23.81,1,0,run2
DA03T_TPI_RUN2_O2.csv,DA03T_TPI_RUN2,197.61335962566835,0.0027303643048128966,23.812157894736842,2,98,run2
DA03T_TPI_RUN2_O2.csv,DA03T_TPI_RUN2,200.49287701612909,0.006619455645161268,23.744263157894736,3,202,run2
DA03T_TPI_RUN2_O2.csv,DA03T_TPI_RUN2,207.85365670821108,0.009768475073313873,23.721026315789473,4,298,run2
DA03T_TPI_RUN2_O2.csv,DA03T_TPI_RUN2,219.18196538643923,0.011429172593646163,23.751315789473683,5,397,run2
DA03T_TPI_RUN2_O2.csv,DA03T_TPI_RUN2,242.59925369458145,0.013033866995073787,23.928815789473685,6,490,run2
DA03T_TPI_RUN2_O2.csv,DA03T_TPI_RUN2,259.03604634581126,0.013532352941176289,24.066894736842105,7,595,run2
DA03T_TPI_RUN2_O2.csv,DA03T_TPI_RUN2,279.9390572580646,0.013480120967741883,24.25321052631579,8,690,run2
DA04T_TPI_RUN1_O2.csv,DA04T_TPI_RUN1,167.46505461538464,-0.008625961538461575,23.82420512820513,1,0,run1
DA04T_TPI_RUN1_O2.csv,DA04T_TPI_RUN1,159.84738170525117,0.012867108977978648,24.093564102564102,2,95,run1
DA04T_TPI_RUN1_O2.csv,DA04T_TPI_RUN1,178.53756249999992,0.032843750000000074,24.1825641025641,3,195,run1
DA04T_TPI_RUN1_O2.csv,DA04T_TPI_RUN1,216.7193441176471,0.04585213235294114,24.272179487179486,4,305,run1
DA04T_TPI_RUN1_O2.csv,DA04T_TPI_RUN1,309.58685270935973,0.057656674876847225,24.54874358974359,5,390,run1
DA04T_TPI_RUN1_O2.csv,DA04T_TPI_RUN1,411.30997177419374,0.041898004032257935,24.240435897435898,6,510,run1
DA04T_TPI_RUN1_O2.csv,DA04T_TPI_RUN1,456.22835371085324,-0.004278622908622471,24.395230769230768,7,602,run1
DA04T_TPI_RUN1_O2.csv,DA04T_TPI_RUN1,451.54531052631603,0.020892894736841895,24.558410256410255,8,710,run1
GS01T_TPI_RUN2_O2.csv,GS01T_TPI_RUN2,196.75749202898578,-0.004691782608695903,23.85628947368421,1,0,run2
GS01T_TPI_RUN2_O2.csv,GS01T_TPI_RUN2,191.76679666666675,0.0025759999999998714,23.854605263157893,2,98,run2
GS01T_TPI_RUN2_O2.csv,GS01T_TPI_RUN2,194.63849407114614,0.007183314511575507,23.78163157894737,3,202,run2
GS01T_TPI_RUN2_O2.csv,GS01T_TPI_RUN2,202.61760451127824,0.012169060150375872,23.756315789473685,4,298,run2
GS01T_TPI_RUN2_O2.csv,GS01T_TPI_RUN2,216.5971176470589,0.01620367647058813,23.778868421052632,5,397,run2
GS01T_TPI_RUN2_O2.csv,GS01T_TPI_RUN2,250.89723946360152,0.020179584017515077,23.933631578947367,6,490,run2
GS01T_TPI_RUN2_O2.csv,GS01T_TPI_RUN2,277.0637167487685,0.022432980295566507,24.071026315789474,7,595,run2
GS01T_TPI_RUN2_O2.csv,GS01T_TPI_RUN2,312.61082696938445,0.025101702786377432,24.252263157894735,8,690,run2
GS02T_TPI_RUN1_O2.csv,GS02T_TPI_RUN1,199.3846731601733,-0.0020155194805195928,23.711358974358976,1,0,run1
GS02T_TPI_RUN1_O2.csv,GS02T_TPI_RUN1,197.18181960784315,0.0010351820728291155,23.990128205128205,2,95,run1
GS02T_TPI_RUN1_O2.csv,GS02T_TPI_RUN1,198.3763315789472,0.0036350000000001893,24.052384615384614,3,195,run1
GS02T_TPI_RUN1_O2.csv,GS02T_TPI_RUN1,202.18640118577073,0.004850148221343902,24.140666666666668,4,305,run1
GS02T_TPI_RUN1_O2.csv,GS02T_TPI_RUN1,242.22457056277077,0.006373896103895879,24.398153846153846,5,390,run1
GS02T_TPI_RUN1_O2.csv,GS02T_TPI_RUN1,227.2965932400939,0.00781503496503416,24.10120512820513,6,510,run1
GS02T_TPI_RUN1_O2.csv,GS02T_TPI_RUN1,237.25110161290306,0.01171379032258078,24.262846153846155,7,602,run1
GS02T_TPI_RUN1_O2.csv,GS02T_TPI_RUN1,253.69480161290332,0.013067459677419293,24.429358974358973,8,710,run1
GS03T_TPI_RUN3_O2.csv,GS03T_TPI_RUN3,205.55997241379316,-0.004087635467980346,23.78192307692308,1,0,run3
GS03T_TPI_RUN3_O2.csv,GS03T_TPI_RUN3,201.35868145161308,7.657459677418367e-4,23.795538461538463,2,95,run3
GS03T_TPI_RUN3_O2.csv,GS03T_TPI_RUN3,202.36315401069504,0.004234171122994748,23.74046153846154,3,205,run3
GS03T_TPI_RUN3_O2.csv,GS03T_TPI_RUN3,206.89444354838713,0.007738306451612909,23.747666666666667,4,301,run3
GS03T_TPI_RUN3_O2.csv,GS03T_TPI_RUN3,216.56648177339892,0.010071945812807952,23.807717948717947,5,404,run3
GS03T_TPI_RUN3_O2.csv,GS03T_TPI_RUN3,229.71711461538462,0.012344961538461475,23.903820512820513,6,508,run3
GS03T_TPI_RUN3_O2.csv,GS03T_TPI_RUN3,244.00890120967722,0.013436372800586668,23.99848717948718,7,601,run3
GS03T_TPI_RUN3_O2.csv,GS03T_TPI_RUN3,261.32135331143934,0.014155322933771431,24.1105641025641,8,710,run3
GS04T_TPI_RUN1_O2.csv,GS04T_TPI_RUN1,201.6873223076924,-0.0019234230769231715,23.83374358974359,1,0,run1
GS04T_TPI_RUN1_O2.csv,GS04T_TPI_RUN1,199.3400719211823,0.004612512315270943,24.093153846153847,2,95,run1
GS04T_TPI_RUN1_O2.csv,GS04T_TPI_RUN1,205.68384759358287,0.010664104278074857,24.195128205128206,3,195,run1
GS04T_TPI_RUN1_O2.csv,GS04T_TPI_RUN1,218.1063190730838,0.015019251336898357,24.29271794871795,4,305,run1
GS04T_TPI_RUN1_O2.csv,GS04T_TPI_RUN1,248.1544169230769,0.017207153846153855,24.544820512820515,5,390,run1
GS04T_TPI_RUN1_O2.csv,GS04T_TPI_RUN1,280.32888904694175,0.018940753911806486,24.204179487179488,6,510,run1
GS04T_TPI_RUN1_O2.csv,GS04T_TPI_RUN1,301.6200467980297,0.016617561576354547,24.387333333333334,7,602,run1
GS04T_TPI_RUN1_O2.csv,GS04T_TPI_RUN1,329.4248369565222,0.016716847826086585,24.532897435897436,8,710,run1
HD01T_TPI_RUN3_O2.csv,HD01T_TPI_RUN3,200.01058695652165,-0.004865760869565131,23.85676923076923,1,0,run3
HD01T_TPI_RUN3_O2.csv,HD01T_TPI_RUN3,194.5661056451614,0.0021999798387096078,23.859538461538463,2,95,run3
HD01T_TPI_RUN3_O2.csv,HD01T_TPI_RUN3,196.82363076923082,0.007509384615384593,23.808282051282053,3,205,run3
HD01T_TPI_RUN3_O2.csv,HD01T_TPI_RUN3,204.94456536796568,0.010546623376623043,23.809564102564103,4,301,run3
HD01T_TPI_RUN3_O2.csv,HD01T_TPI_RUN3,217.90154197214085,0.01328388013196476,23.866615384615386,5,404,run3
HD01T_TPI_RUN3_O2.csv,HD01T_TPI_RUN3,234.67991596638646,0.016743575248281205,23.980641025641027,6,508,run3
HD01T_TPI_RUN3_O2.csv,HD01T_TPI_RUN3,254.01712521739165,0.01744776086956493,24.088435897435897,7,601,run3
HD01T_TPI_RUN3_O2.csv,HD01T_TPI_RUN3,276.31816495601157,0.018385896260997226,24.221179487179487,8,710,run3
HD02T_TPI_RUN3_O2.csv,HD02T_TPI_RUN3,202.19067733990133,-0.0039825944170770585,23.870179487179488,1,0,run3
HD02T_TPI_RUN3_O2.csv,HD02T_TPI_RUN3,197.8117474001094,7.737137383689895e-4,23.873051282051282,2,95,run3
HD02T_TPI_RUN3_O2.csv,HD02T_TPI_RUN3,198.91619978005863,0.003374505131964848,23.823589743589743,3,205,run3
HD02T_TPI_RUN3_O2.csv,HD02T_TPI_RUN3,202.6450564516129,0.0047318548387096605,23.832461538461537,4,301,run3
HD02T_TPI_RUN3_O2.csv,HD02T_TPI_RUN3,208.30414811594218,0.005957739130434652,23.88869230769231,5,404,run3
HD02T_TPI_RUN3_O2.csv,HD02T_TPI_RUN3,215.9301147576148,0.006707316602316579,23.977410256410256,6,508,run3
HD02T_TPI_RUN3_O2.csv,HD02T_TPI_RUN3,223.57884980237165,0.007335820158102633,24.074564102564104,7,601,run3
HD02T_TPI_RUN3_O2.csv,HD02T_TPI_RUN3,232.64510347826078,0.007160152173913091,24.188589743589745,8,710,run3
SF01T_TPI_RUN1_O2.csv,SF01T_TPI_RUN1,194.05347903225802,-0.00380600806451609,23.747410256410255,1,0,run1
SF01T_TPI_RUN1_O2.csv,SF01T_TPI_RUN1,189.94659384615383,0.005062410256410296,24.020948717948716,2,95,run1
SF01T_TPI_RUN1_O2.csv,SF01T_TPI_RUN1,196.8491127199412,0.011573643695014811,24.1194358974359,3,195,run1
SF01T_TPI_RUN1_O2.csv,SF01T_TPI_RUN1,210.65573752228158,0.016216594251336897,24.216564102564103,4,305,run1
SF01T_TPI_RUN1_O2.csv,SF01T_TPI_RUN1,243.95631418803444,0.021401162393162202,24.489871794871796,5,390,run1
SF01T_TPI_RUN1_O2.csv,SF01T_TPI_RUN1,283.9698467927324,0.020976863181312793,24.14825641025641,6,510,run1
SF01T_TPI_RUN1_O2.csv,SF01T_TPI_RUN1,308.2175925586511,0.021392155425219925,24.308794871794873,7,602,run1
SF01T_TPI_RUN1_O2.csv,SF01T_TPI_RUN1,338.5945575757577,0.02122424242424227,24.45951282051282,8,710,run1
SF02T_TPI_RUN1_O2.csv,SF02T_TPI_RUN1,199.67324538375968,-0.002438576195773027,23.761717948717948,1,0,run1
SF02T_TPI_RUN1_O2.csv,SF02T_TPI_RUN1,197.79084201680678,0.0028428291316526036,24.02176923076923,2,95,run1
SF02T_TPI_RUN1_O2.csv,SF02T_TPI_RUN1,201.60710893812058,0.007182757830404997,24.115820512820513,3,195,run1
SF02T_TPI_RUN1_O2.csv,SF02T_TPI_RUN1,209.98147863247866,0.010125299145299138,24.21497435897436,4,305,run1
SF02T_TPI_RUN1_O2.csv,SF02T_TPI_RUN1,230.5292040998218,0.01238375668449187,24.45876923076923,5,390,run1
SF02T_TPI_RUN1_O2.csv,SF02T_TPI_RUN1,254.14280985221657,0.013590985221675041,24.139,6,510,run1
SF02T_TPI_RUN1_O2.csv,SF02T_TPI_RUN1,269.91194923020527,0.015117247067448747,24.31176923076923,7,602,run1
SF02T_TPI_RUN1_O2.csv,SF02T_TPI_RUN1,290.774760447214,0.015008843475073393,24.464641025641026,8,710,run1
SF03T_TPI_RUN2_O2.csv,SF03T_TPI_RUN2,189.46266830870277,-0.012100410509031165,23.78728947368421,1,0,run2
SF03T_TPI_RUN2_O2.csv,SF03T_TPI_RUN2,171.54794753623196,0.015592108695652094,23.780763157894736,2,98,run2
SF03T_TPI_RUN2_O2.csv,SF03T_TPI_RUN2,185.84200000000016,0.03417272727272713,23.734578947368423,3,202,run2
SF03T_TPI_RUN2_O2.csv,SF03T_TPI_RUN2,223.02305911330055,0.04785082101806233,23.7305,4,298,run2
SF03T_TPI_RUN2_O2.csv,SF03T_TPI_RUN2,277.3609348659004,0.0551833470169677,23.778052631578948,5,397,run2
SF03T_TPI_RUN2_O2.csv,SF03T_TPI_RUN2,388.17460869565224,0.058233695652173866,23.94663157894737,6,490,run2
SF03T_TPI_RUN2_O2.csv,SF03T_TPI_RUN2,454.08403609022594,0.041530037593984395,24.061657894736843,7,595,run2
SF03T_TPI_RUN2_O2.csv,SF03T_TPI_RUN2,497.84282105263134,-0.0015132456140347214,24.225763157894736,8,690,run2
SF04T_TPI_RUN2_O2.csv,SF04T_TPI_RUN2,195.09996451612918,-0.009063971774193628,23.855263157894736,1,0,run2
SF04T_TPI_RUN2_O2.csv,SF04T_TPI_RUN2,183.043007518797,0.009894699248120281,23.865815789473686,2,98,run2
SF04T_TPI_RUN2_O2.csv,SF04T_TPI_RUN2,192.20165686274518,0.02138578431372541,23.808394736842104,3,202,run2
SF04T_TPI_RUN2_O2.csv,SF04T_TPI_RUN2,214.56962461538478,0.033106461538461376,23.796157894736844,4,298,run2
SF04T_TPI_RUN2_O2.csv,SF04T_TPI_RUN2,251.91727218045108,0.03692011278195491,23.826736842105262,5,397,run2
SF04T_TPI_RUN2_O2.csv,SF04T_TPI_RUN2,325.81279838709656,0.035772883064516335,23.98686842105263,6,490,run2
SF04T_TPI_RUN2_O2.csv,SF04T_TPI_RUN2,372.67971223262043,0.02346248328876994,24.118684210526315,7,595,run2
SF04T_TPI_RUN2_O2.csv,SF04T_TPI_RUN2,400.5945059288535,0.025887464709204146,24.28128947368421,8,690,run2
SF05T_TPI_RUN3_O2.csv,SF05T_TPI_RUN3,204.3046387096774,-0.0023674193548386753,23.839846153846153,1,0,run3
SF05T_TPI_RUN3_O2.csv,SF05T_TPI_RUN3,201.8244947719687,-6.78587319243485e-4,23.828692307692307,2,95,run3
SF05T_TPI_RUN3_O2.csv,SF05T_TPI_RUN3,201.1888370782349,6.872969966631153e-4,23.770205128205127,3,205,run3
SF05T_TPI_RUN3_O2.csv,SF05T_TPI_RUN3,201.96168296409476,0.0021116883116882655,23.77051282051282,4,301,run3
SF05T_TPI_RUN3_O2.csv,SF05T_TPI_RUN3,204.682356923077,0.0032072478632477986,23.82251282051282,5,404,run3
SF05T_TPI_RUN3_O2.csv,SF05T_TPI_RUN3,208.94117816091935,0.004329228243021526,23.92774358974359,6,508,run3
SF05T_TPI_RUN3_O2.csv,SF05T_TPI_RUN3,213.95096774193547,0.004742741935483895,24.033153846153844,7,601,run3
SF05T_TPI_RUN3_O2.csv,SF05T_TPI_RUN3,219.98314954954947,0.0049010553410554015,24.17653846153846,8,710,run3
